timestamp,src_ip,dst_ip,src_port,dst_port,protocol,action,bytes_sent,rule_id,nat_src,nat_dst
2024-11-13 18:02:22,10.10.2.17,151.101.1.140,15010,443,TCP,ALLOW,4106,RULE-01,203.0.113.1,
2024-11-13 18:02:30,10.10.3.19,34.107.221.82,44124,8443,TCP,ALLOW,4644,RULE-01,203.0.113.4,
2024-11-13 18:05:36,10.10.3.29,93.184.216.34,19560,587,TCP,ALLOW,2645,RULE-01,203.0.113.5,
2024-11-13 18:06:11,10.10.3.19,52.84.17.200,19195,123,TCP,ALLOW,1385,RULE-01,203.0.113.2,
2024-11-13 18:10:17,10.10.3.10,142.250.185.46,30649,137,TCP,DENY,0,RULE-99,,
2024-11-13 18:11:20,10.10.2.13,151.101.1.140,62821,443,TCP,ALLOW,2725,RULE-01,203.0.113.4,
2024-11-13 18:14:47,10.10.1.16,52.84.17.200,63206,587,TCP,ALLOW,3441,RULE-01,203.0.113.3,
2024-11-13 18:16:03,10.10.2.27,151.101.1.140,34546,137,TCP,DENY,0,RULE-99,,
2024-11-13 18:18:30,10.10.1.14,93.184.216.34,41021,123,TCP,ALLOW,1544,RULE-01,203.0.113.4,
2024-11-13 18:20:14,10.10.3.29,185.60.216.35,20579,80,TCP,ALLOW,4852,RULE-01,203.0.113.5,
2024-11-13 18:20:20,10.10.2.19,13.107.42.14,31058,443,TCP,ALLOW,4812,RULE-01,203.0.113.1,
2024-11-13 18:24:47,10.10.1.17,142.250.185.46,11760,53,UDP,ALLOW,4266,RULE-01,203.0.113.3,
2024-11-13 18:24:58,10.10.1.29,172.217.14.238,18165,123,TCP,ALLOW,3145,RULE-01,203.0.113.2,
2024-11-13 18:26:47,10.10.3.10,199.232.68.133,38645,443,TCP,ALLOW,2529,RULE-01,203.0.113.4,
2024-11-13 18:30:45,10.10.3.16,13.107.42.14,59482,137,TCP,DENY,0,RULE-99,,
2024-11-13 18:33:31,10.10.1.16,93.184.216.34,48370,8080,TCP,ALLOW,1380,RULE-01,203.0.113.4,
2024-11-13 18:34:10,10.10.3.21,34.107.221.82,16796,123,TCP,ALLOW,1888,RULE-01,203.0.113.1,
2024-11-13 18:35:25,10.10.2.26,104.244.42.1,18114,53,UDP,ALLOW,4732,RULE-01,203.0.113.5,
2024-11-13 18:42:20,10.10.3.23,151.101.1.140,50112,8080,TCP,ALLOW,4618,RULE-01,203.0.113.1,
2024-11-13 18:44:25,10.10.2.22,93.184.216.34,26612,8443,TCP,ALLOW,4051,RULE-01,203.0.113.1,
2024-11-13 18:45:19,10.10.3.13,172.217.14.238,51143,123,TCP,ALLOW,2407,RULE-01,203.0.113.5,
2024-11-13 18:45:57,10.10.1.24,151.101.1.140,39579,993,TCP,ALLOW,4737,RULE-01,203.0.113.2,
2024-11-13 18:47:55,10.10.2.26,185.60.216.35,65114,587,TCP,ALLOW,3442,RULE-01,203.0.113.3,
2024-11-13 18:49:39,10.10.1.18,104.244.42.1,65150,80,TCP,ALLOW,2644,RULE-01,203.0.113.4,
2024-11-13 18:51:41,10.10.1.29,104.244.42.1,44279,25,TCP,ALLOW,1782,RULE-01,203.0.113.4,
2024-11-13 18:54:40,10.10.3.13,104.244.42.1,41626,8080,TCP,ALLOW,4799,RULE-01,203.0.113.3,
2024-11-13 18:55:36,10.10.3.13,52.84.17.200,43976,139,TCP,DENY,0,RULE-99,,
2024-11-13 19:00:17,10.10.3.13,93.184.216.34,8583,993,TCP,ALLOW,2339,RULE-01,203.0.113.2,
2024-11-13 19:03:03,10.10.2.18,199.232.68.133,64800,443,TCP,ALLOW,2160,RULE-01,203.0.113.2,
2024-11-13 19:03:14,10.10.2.18,52.84.17.200,4038,587,TCP,ALLOW,2857,RULE-01,203.0.113.1,
2024-11-13 19:04:24,10.10.3.22,34.107.221.82,26106,8080,TCP,ALLOW,3695,RULE-01,203.0.113.2,
2024-11-13 19:06:45,10.10.3.10,151.101.1.140,16879,137,TCP,DENY,0,RULE-99,,
2024-11-13 19:07:24,10.10.1.20,151.101.1.140,53182,123,TCP,ALLOW,2006,RULE-01,203.0.113.3,
2024-11-13 19:09:19,10.10.1.13,151.101.1.140,19838,8080,TCP,ALLOW,3549,RULE-01,203.0.113.2,
2024-11-13 19:16:01,10.10.1.19,172.217.14.238,9296,8080,TCP,ALLOW,750,RULE-01,203.0.113.2,
2024-11-13 19:18:25,10.10.2.10,199.232.68.133,41489,8443,TCP,ALLOW,760,RULE-01,203.0.113.2,
2024-11-13 19:18:42,10.10.1.14,52.84.17.200,55720,8443,TCP,ALLOW,3224,RULE-01,203.0.113.5,
2024-11-13 19:22:24,10.10.2.14,142.250.185.46,36005,21,TCP,DENY,0,RULE-99,,
2024-11-13 19:23:40,10.10.3.20,52.84.17.200,19824,53,UDP,ALLOW,4070,RULE-01,203.0.113.2,
2024-11-13 19:28:06,10.10.1.20,185.60.216.35,15115,123,TCP,ALLOW,2885,RULE-01,203.0.113.2,
2024-11-13 19:32:57,10.10.2.26,151.101.1.140,16081,8443,TCP,ALLOW,1931,RULE-01,203.0.113.5,
2024-11-13 19:34:43,10.10.2.22,104.244.42.1,48684,123,TCP,ALLOW,4471,RULE-01,203.0.113.3,
2024-11-13 19:36:12,10.10.1.24,93.184.216.34,57299,80,TCP,ALLOW,300,RULE-01,203.0.113.2,
2024-11-13 19:36:51,10.10.3.17,13.107.42.14,24112,53,UDP,ALLOW,4672,RULE-01,203.0.113.3,
2024-11-13 19:37:36,10.10.2.10,151.101.1.140,54120,587,TCP,ALLOW,1142,RULE-01,203.0.113.1,
2024-11-13 19:38:50,10.10.3.18,34.107.221.82,27276,993,TCP,ALLOW,619,RULE-01,203.0.113.5,
2024-11-13 19:39:52,10.10.1.20,151.101.1.140,20566,137,TCP,DENY,0,RULE-99,,
2024-11-13 19:45:10,10.10.1.26,151.101.1.140,26316,80,TCP,ALLOW,3789,RULE-01,203.0.113.4,
2024-11-13 19:45:58,10.10.2.23,142.250.185.46,51115,443,TCP,ALLOW,252,RULE-01,203.0.113.4,
2024-11-13 19:50:30,10.10.3.21,93.184.216.34,43762,443,TCP,ALLOW,4628,RULE-01,203.0.113.1,
2024-11-13 19:55:03,10.10.2.13,151.101.1.140,12777,8443,TCP,ALLOW,2028,RULE-01,203.0.113.5,
2024-11-13 19:59:06,10.10.1.18,185.60.216.35,37288,80,TCP,ALLOW,2593,RULE-01,203.0.113.2,
2024-11-13 19:59:40,10.10.1.24,34.107.221.82,1527,123,TCP,ALLOW,1874,RULE-01,203.0.113.3,
2024-11-13 20:01:06,10.10.2.19,93.184.216.34,33766,993,TCP,ALLOW,4843,RULE-01,203.0.113.2,
2024-11-13 20:02:42,10.10.2.21,142.250.185.46,16269,443,TCP,ALLOW,1992,RULE-01,203.0.113.1,
2024-11-13 20:05:52,10.10.3.24,52.84.17.200,37880,8080,TCP,ALLOW,3580,RULE-01,203.0.113.4,
2024-11-13 20:05:53,10.10.1.22,104.244.42.1,17374,23,TCP,DENY,0,RULE-99,,
2024-11-13 20:06:29,10.10.3.14,34.107.221.82,17046,25,TCP,ALLOW,906,RULE-01,203.0.113.4,
2024-11-13 20:10:06,10.10.2.11,52.84.17.200,2460,993,TCP,ALLOW,1410,RULE-01,203.0.113.5,
2024-11-13 20:10:50,10.10.1.25,34.107.221.82,64761,8080,TCP,ALLOW,1366,RULE-01,203.0.113.3,
2024-11-13 20:11:01,10.10.3.21,52.84.17.200,39458,8443,TCP,ALLOW,4800,RULE-01,203.0.113.5,
2024-11-13 20:13:12,10.10.2.16,93.184.216.34,6772,8080,TCP,ALLOW,2491,RULE-01,203.0.113.4,
2024-11-13 20:14:39,10.10.1.24,185.60.216.35,10928,123,TCP,ALLOW,992,RULE-01,203.0.113.1,
2024-11-13 20:16:03,10.10.1.14,172.217.14.238,29531,123,TCP,ALLOW,1270,RULE-01,203.0.113.2,
2024-11-13 20:17:12,10.10.2.16,172.217.14.238,8289,8080,TCP,ALLOW,4294,RULE-01,203.0.113.5,
2024-11-13 20:21:51,10.10.3.21,13.107.42.14,37068,993,TCP,ALLOW,4641,RULE-01,203.0.113.3,
2024-11-13 20:22:44,10.10.3.25,199.232.68.133,27284,443,TCP,ALLOW,4228,RULE-01,203.0.113.1,
2024-11-13 20:31:11,10.10.1.15,151.101.1.140,65117,8080,TCP,ALLOW,4563,RULE-01,203.0.113.2,
2024-11-13 20:34:47,10.10.1.14,142.250.185.46,34719,993,TCP,ALLOW,2149,RULE-01,203.0.113.3,
2024-11-13 20:35:05,10.10.2.27,104.244.42.1,47413,80,TCP,ALLOW,682,RULE-01,203.0.113.2,
2024-11-13 20:35:29,10.10.1.28,185.60.216.35,46072,8080,TCP,ALLOW,2112,RULE-01,203.0.113.3,
2024-11-13 20:37:27,10.10.2.22,93.184.216.34,27046,993,TCP,ALLOW,546,RULE-01,203.0.113.4,
2024-11-13 20:41:06,10.10.2.16,34.107.221.82,9237,123,TCP,ALLOW,2797,RULE-01,203.0.113.1,
2024-11-13 20:42:24,10.10.2.20,185.60.216.35,45878,80,TCP,ALLOW,2496,RULE-01,203.0.113.5,
2024-11-13 20:43:09,10.10.2.18,185.60.216.35,62860,25,TCP,ALLOW,1860,RULE-01,203.0.113.2,
2024-11-13 20:50:37,10.10.2.18,93.184.216.34,61136,993,TCP,ALLOW,4821,RULE-01,203.0.113.1,
2024-11-13 20:52:08,10.10.2.24,151.101.1.140,37202,465,TCP,ALLOW,2601,RULE-01,203.0.113.5,
2024-11-13 20:52:16,10.10.2.12,93.184.216.34,17447,587,TCP,ALLOW,1808,RULE-01,203.0.113.5,
2024-11-13 20:52:28,10.10.2.20,185.60.216.35,26897,23,TCP,DENY,0,RULE-99,,
2024-11-13 20:54:18,10.10.3.12,104.244.42.1,57078,587,TCP,ALLOW,2107,RULE-01,203.0.113.1,
2024-11-13 20:55:18,10.10.3.25,34.107.221.82,45767,465,TCP,ALLOW,4617,RULE-01,203.0.113.2,
2024-11-13 20:55:43,10.10.2.24,199.232.68.133,40216,8080,TCP,ALLOW,526,RULE-01,203.0.113.4,
2024-11-13 20:58:02,10.10.3.25,52.84.17.200,39214,993,TCP,ALLOW,1358,RULE-01,203.0.113.3,
2024-11-13 21:00:37,10.10.3.10,142.250.185.46,33782,53,UDP,ALLOW,3754,RULE-01,203.0.113.3,
2024-11-13 21:07:01,10.10.1.10,93.184.216.34,16841,25,TCP,ALLOW,3529,RULE-01,203.0.113.4,
2024-11-13 21:09:55,10.10.3.17,151.101.1.140,39722,8443,TCP,ALLOW,3656,RULE-01,203.0.113.1,
2024-11-13 21:15:08,10.10.1.14,104.244.42.1,48915,465,TCP,ALLOW,1039,RULE-01,203.0.113.1,
2024-11-13 21:17:26,10.10.3.10,185.60.216.35,29464,25,TCP,ALLOW,1006,RULE-01,203.0.113.1,
2024-11-13 21:17:27,10.10.3.23,185.60.216.35,19706,23,TCP,DENY,0,RULE-99,,
2024-11-13 21:21:37,10.10.2.21,185.60.216.35,42592,80,TCP,ALLOW,3669,RULE-01,203.0.113.3,
2024-11-13 21:22:36,10.10.3.18,13.107.42.14,25922,443,TCP,ALLOW,992,RULE-01,203.0.113.3,
2024-11-13 21:23:18,10.10.1.15,13.107.42.14,40144,8443,TCP,ALLOW,2857,RULE-01,203.0.113.4,
2024-11-13 21:23:23,10.10.3.16,151.101.1.140,23171,8443,TCP,ALLOW,4154,RULE-01,203.0.113.1,
2024-11-13 21:23:39,10.10.1.14,151.101.1.140,29327,443,TCP,ALLOW,991,RULE-01,203.0.113.3,
2024-11-13 21:26:55,10.10.3.17,93.184.216.34,31304,25,TCP,ALLOW,1034,RULE-01,203.0.113.2,
2024-11-13 21:28:47,10.10.3.17,151.101.1.140,34147,123,TCP,ALLOW,1293,RULE-01,203.0.113.4,
2024-11-13 21:30:24,10.10.3.21,52.84.17.200,35390,443,TCP,ALLOW,1419,RULE-01,203.0.113.2,
2024-11-13 21:33:23,10.10.2.22,13.107.42.14,29669,80,TCP,ALLOW,2101,RULE-01,203.0.113.1,
2024-11-13 21:34:33,10.10.3.23,199.232.68.133,64757,21,TCP,DENY,0,RULE-99,,
2024-11-13 21:36:39,10.10.2.22,172.217.14.238,53000,465,TCP,ALLOW,1137,RULE-01,203.0.113.5,
2024-11-13 21:39:38,10.10.2.16,13.107.42.14,45666,8080,TCP,ALLOW,1326,RULE-01,203.0.113.1,
2024-11-13 21:40:42,10.10.2.13,34.107.221.82,23080,123,TCP,ALLOW,2672,RULE-01,203.0.113.3,
2024-11-13 21:40:56,10.10.1.19,151.101.1.140,34295,587,TCP,ALLOW,4621,RULE-01,203.0.113.5,
2024-11-13 21:43:43,10.10.2.24,104.244.42.1,49257,465,TCP,ALLOW,2227,RULE-01,203.0.113.3,
2024-11-13 21:44:22,10.10.1.29,52.84.17.200,26160,137,TCP,DENY,0,RULE-99,,
2024-11-13 21:44:34,10.10.3.16,52.84.17.200,10621,25,TCP,ALLOW,2296,RULE-01,203.0.113.2,
2024-11-13 21:44:47,10.10.2.13,52.84.17.200,59630,587,TCP,ALLOW,4901,RULE-01,203.0.113.1,
2024-11-13 21:46:06,10.10.1.19,142.250.185.46,54171,8080,TCP,ALLOW,3013,RULE-01,203.0.113.1,
2024-11-13 21:46:17,10.10.3.12,93.184.216.34,62557,587,TCP,ALLOW,1300,RULE-01,203.0.113.3,
2024-11-13 21:48:23,10.10.2.12,142.250.185.46,20385,8080,TCP,ALLOW,3607,RULE-01,203.0.113.1,
2024-11-13 21:50:33,10.10.1.10,34.107.221.82,29435,8080,TCP,ALLOW,3167,RULE-01,203.0.113.4,
2024-11-13 21:52:27,10.10.2.22,52.84.17.200,58074,8443,TCP,ALLOW,2644,RULE-01,203.0.113.5,
2024-11-13 21:56:48,10.10.2.27,185.60.216.35,40120,80,TCP,ALLOW,3759,RULE-01,203.0.113.3,
2024-11-13 22:00:08,10.10.2.24,185.60.216.35,44347,53,UDP,ALLOW,411,RULE-01,203.0.113.2,
2024-11-13 22:03:22,185.220.101.47,203.0.113.1,47198,2181,TCP,DENY,0,RULE-99,,
2024-11-13 22:08:38,10.10.1.27,104.244.42.1,23645,8443,TCP,ALLOW,3721,RULE-01,203.0.113.1,
2024-11-13 22:10:12,10.10.1.20,172.217.14.238,51997,123,TCP,ALLOW,1541,RULE-01,203.0.113.3,
2024-11-13 22:10:58,10.10.3.24,93.184.216.34,51002,993,TCP,ALLOW,2482,RULE-01,203.0.113.5,
2024-11-13 22:11:36,10.10.2.15,34.107.221.82,27568,587,TCP,ALLOW,370,RULE-01,203.0.113.3,
2024-11-13 22:12:30,185.220.101.47,203.0.113.1,59801,80,TCP,DENY,0,RULE-99,,
2024-11-13 22:13:44,185.220.101.47,203.0.113.1,34246,443,TCP,DENY,0,RULE-99,,
2024-11-13 22:14:49,185.220.101.47,203.0.113.1,54539,443,TCP,DENY,0,RULE-99,,
2024-11-13 22:14:54,185.220.101.47,203.0.113.1,1787,1433,TCP,DENY,0,RULE-99,,
2024-11-13 22:16:36,10.10.3.23,151.101.1.140,43472,8080,TCP,ALLOW,1461,RULE-01,203.0.113.4,
2024-11-13 22:21:31,185.220.101.47,203.0.113.1,31111,8443,TCP,DENY,0,RULE-99,,
2024-11-13 22:23:34,10.10.1.29,185.60.216.35,48294,25,TCP,ALLOW,1777,RULE-01,203.0.113.3,
2024-11-13 22:23:45,10.10.2.19,13.107.42.14,36146,465,TCP,ALLOW,3135,RULE-01,203.0.113.2,
2024-11-13 22:24:26,10.10.3.14,185.60.216.35,53205,123,TCP,ALLOW,4836,RULE-01,203.0.113.1,
2024-11-13 22:24:49,185.220.101.47,203.0.113.1,52914,5432,TCP,DENY,0,RULE-99,,
2024-11-13 22:26:14,10.10.3.29,185.60.216.35,38607,587,TCP,ALLOW,4649,RULE-01,203.0.113.4,
2024-11-13 22:29:02,10.10.1.15,151.101.1.140,39662,53,UDP,ALLOW,3345,RULE-01,203.0.113.3,
2024-11-13 22:30:50,185.220.101.47,203.0.113.1,59193,8080,TCP,DENY,0,RULE-99,,
2024-11-13 22:31:24,10.10.1.16,199.232.68.133,61935,80,TCP,ALLOW,1494,RULE-01,203.0.113.4,
2024-11-13 22:32:21,10.10.3.29,151.101.1.140,19705,8443,TCP,ALLOW,887,RULE-01,203.0.113.2,
2024-11-13 22:32:24,185.220.101.47,203.0.113.1,65293,8443,TCP,DENY,0,RULE-99,,
2024-11-13 22:35:39,10.10.1.23,104.244.42.1,3820,139,TCP,DENY,0,RULE-99,,
2024-11-13 22:35:40,10.10.2.28,52.84.17.200,19047,443,TCP,ALLOW,4995,RULE-01,203.0.113.5,
2024-11-13 22:38:24,10.10.2.25,52.84.17.200,3765,465,TCP,ALLOW,2725,RULE-01,203.0.113.3,
2024-11-13 22:39:10,10.10.2.25,34.107.221.82,44940,993,TCP,ALLOW,4512,RULE-01,203.0.113.1,
2024-11-13 22:41:20,10.10.1.14,104.244.42.1,7051,8080,TCP,ALLOW,2916,RULE-01,203.0.113.1,
2024-11-13 22:42:12,10.10.2.21,34.107.221.82,25941,53,UDP,ALLOW,4562,RULE-01,203.0.113.2,
2024-11-13 22:42:41,10.10.2.21,151.101.1.140,41294,139,TCP,DENY,0,RULE-99,,
2024-11-13 22:42:51,185.220.101.47,203.0.113.1,34156,2181,TCP,DENY,0,RULE-99,,
2024-11-13 22:45:09,185.220.101.47,203.0.113.1,5930,6379,TCP,DENY,0,RULE-99,,
2024-11-13 22:45:46,10.10.1.12,142.250.185.46,42777,993,TCP,ALLOW,2345,RULE-01,203.0.113.2,
2024-11-13 22:46:16,10.10.1.12,13.107.42.14,40165,123,TCP,ALLOW,3286,RULE-01,203.0.113.2,
2024-11-13 22:49:27,10.10.2.13,185.60.216.35,6745,443,TCP,ALLOW,1735,RULE-01,203.0.113.4,
2024-11-13 22:51:47,10.10.2.29,104.244.42.1,32362,25,TCP,ALLOW,1454,RULE-01,203.0.113.4,
2024-11-13 22:56:11,10.10.3.24,93.184.216.34,64120,443,TCP,ALLOW,3571,RULE-01,203.0.113.1,
2024-11-13 22:59:33,10.10.2.10,13.107.42.14,26106,587,TCP,ALLOW,1290,RULE-01,203.0.113.2,
2024-11-13 23:01:09,185.220.101.47,203.0.113.1,65111,1433,TCP,DENY,0,RULE-99,,
2024-11-13 23:03:22,10.10.1.24,151.101.1.140,16538,25,TCP,ALLOW,4247,RULE-01,203.0.113.1,
2024-11-13 23:04:02,10.10.3.22,34.107.221.82,42530,8080,TCP,ALLOW,2680,RULE-01,203.0.113.2,
2024-11-13 23:05:20,10.10.3.11,34.107.221.82,3995,443,TCP,ALLOW,504,RULE-01,203.0.113.3,
2024-11-13 23:07:10,10.10.3.12,151.101.1.140,32314,53,UDP,ALLOW,2850,RULE-01,203.0.113.2,
2024-11-13 23:07:52,185.220.101.47,203.0.113.1,32607,3389,TCP,DENY,0,RULE-99,,
2024-11-13 23:08:48,10.10.1.17,52.84.17.200,34501,993,TCP,ALLOW,3382,RULE-01,203.0.113.4,
2024-11-13 23:10:34,10.10.3.18,34.107.221.82,38866,8080,TCP,ALLOW,2401,RULE-01,203.0.113.4,
2024-11-13 23:10:43,10.10.3.11,52.84.17.200,5703,587,TCP,ALLOW,688,RULE-01,203.0.113.2,
2024-11-13 23:11:26,185.220.101.47,203.0.113.1,43948,3389,TCP,DENY,0,RULE-99,,
2024-11-13 23:12:56,10.10.2.12,142.250.185.46,38138,53,UDP,ALLOW,3483,RULE-01,203.0.113.1,
2024-11-13 23:14:15,10.10.1.27,34.107.221.82,41541,139,TCP,DENY,0,RULE-99,,
2024-11-13 23:15:58,10.10.1.25,199.232.68.133,26162,8443,TCP,ALLOW,1761,RULE-01,203.0.113.5,
2024-11-13 23:19:43,185.220.101.47,203.0.113.1,36917,5900,TCP,DENY,0,RULE-99,,
2024-11-13 23:19:58,10.10.3.27,34.107.221.82,20059,993,TCP,ALLOW,544,RULE-01,203.0.113.3,
2024-11-13 23:21:53,10.10.1.27,199.232.68.133,55487,8443,TCP,ALLOW,3783,RULE-01,203.0.113.1,
2024-11-13 23:25:55,10.10.2.26,142.250.185.46,54183,53,UDP,ALLOW,4810,RULE-01,203.0.113.3,
2024-11-13 23:25:58,10.10.2.10,34.107.221.82,20677,465,TCP,ALLOW,3283,RULE-01,203.0.113.2,
2024-11-13 23:26:53,10.10.1.17,34.107.221.82,10736,23,TCP,DENY,0,RULE-99,,
2024-11-13 23:29:55,10.10.1.18,104.244.42.1,1623,443,TCP,ALLOW,1991,RULE-01,203.0.113.5,
2024-11-13 23:30:21,185.220.101.47,203.0.113.1,64603,3306,TCP,DENY,0,RULE-99,,
2024-11-13 23:32:22,185.220.101.47,203.0.113.1,35043,5900,TCP,DENY,0,RULE-99,,
2024-11-13 23:32:53,10.10.1.22,142.250.185.46,16657,123,TCP,ALLOW,1234,RULE-01,203.0.113.4,
2024-11-13 23:32:56,10.10.2.27,34.107.221.82,13881,587,TCP,ALLOW,2902,RULE-01,203.0.113.2,
2024-11-13 23:33:04,185.220.101.47,203.0.113.1,24836,2181,TCP,DENY,0,RULE-99,,
2024-11-13 23:33:12,185.220.101.47,203.0.113.1,24298,2181,TCP,DENY,0,RULE-99,,
2024-11-13 23:35:31,10.10.2.26,93.184.216.34,4596,8080,TCP,ALLOW,3155,RULE-01,203.0.113.1,
2024-11-13 23:39:29,10.10.3.19,172.217.14.238,7948,443,TCP,ALLOW,1546,RULE-01,203.0.113.4,
2024-11-13 23:39:34,10.10.1.17,151.101.1.140,18872,8443,TCP,ALLOW,2508,RULE-01,203.0.113.5,
2024-11-13 23:39:52,10.10.2.28,151.101.1.140,11340,80,TCP,ALLOW,607,RULE-01,203.0.113.1,
2024-11-13 23:42:05,185.220.101.47,203.0.113.1,47036,23,TCP,DENY,0,RULE-99,,
2024-11-13 23:43:55,10.10.2.20,93.184.216.34,4751,8443,TCP,ALLOW,4360,RULE-01,203.0.113.1,
2024-11-13 23:45:06,10.10.3.27,185.60.216.35,5864,8443,TCP,ALLOW,3818,RULE-01,203.0.113.3,
2024-11-13 23:45:30,10.10.1.17,185.60.216.35,30759,465,TCP,ALLOW,226,RULE-01,203.0.113.3,
2024-11-13 23:46:47,10.10.2.23,93.184.216.34,24872,123,TCP,ALLOW,3254,RULE-01,203.0.113.3,
2024-11-13 23:50:07,185.220.101.47,203.0.113.1,54573,443,TCP,DENY,0,RULE-99,,
2024-11-13 23:50:09,185.220.101.47,203.0.113.1,28047,22,TCP,DENY,0,RULE-99,,
2024-11-13 23:54:01,10.10.2.22,93.184.216.34,54559,465,TCP,ALLOW,1835,RULE-01,203.0.113.5,
2024-11-13 23:55:52,10.10.2.14,142.250.185.46,56980,21,TCP,DENY,0,RULE-99,,
2024-11-13 23:59:02,10.10.3.24,13.107.42.14,61967,443,TCP,ALLOW,2198,RULE-01,203.0.113.5,
2024-11-13 23:59:39,10.10.3.25,34.107.221.82,25860,80,TCP,ALLOW,217,RULE-01,203.0.113.4,
2024-11-13 23:59:41,10.10.2.23,52.84.17.200,11638,587,TCP,ALLOW,2843,RULE-01,203.0.113.2,
2024-11-14 00:00:11,10.10.2.12,104.244.42.1,63157,139,TCP,DENY,0,RULE-99,,
2024-11-14 00:00:20,185.220.101.47,203.0.113.1,4036,23,TCP,DENY,0,RULE-99,,
2024-11-14 00:00:43,10.10.1.18,199.232.68.133,18394,8443,TCP,ALLOW,4522,RULE-01,203.0.113.5,
2024-11-14 00:01:37,10.10.1.20,52.84.17.200,48287,123,TCP,ALLOW,3785,RULE-01,203.0.113.1,
2024-11-14 00:03:22,10.10.3.19,104.244.42.1,43425,993,TCP,ALLOW,562,RULE-01,203.0.113.5,
2024-11-14 00:03:34,185.220.101.47,203.0.113.1,8496,23,TCP,DENY,0,RULE-99,,
2024-11-14 00:04:05,185.220.101.47,203.0.113.1,22780,5900,TCP,DENY,0,RULE-99,,
2024-11-14 00:04:44,10.10.2.23,93.184.216.34,25394,587,TCP,ALLOW,1239,RULE-01,203.0.113.3,
2024-11-14 00:06:45,10.10.1.25,13.107.42.14,42717,993,TCP,ALLOW,926,RULE-01,203.0.113.3,
2024-11-14 00:06:58,10.10.1.12,199.232.68.133,61587,80,TCP,ALLOW,4901,RULE-01,203.0.113.4,
2024-11-14 00:08:08,185.220.101.47,203.0.113.1,56852,8443,TCP,DENY,0,RULE-99,,
2024-11-14 00:11:20,10.10.2.16,172.217.14.238,12497,53,UDP,ALLOW,846,RULE-01,203.0.113.5,
2024-11-14 00:11:36,10.10.1.16,151.101.1.140,59215,993,TCP,ALLOW,3275,RULE-01,203.0.113.2,
2024-11-14 00:13:11,10.10.1.16,142.250.185.46,42848,25,TCP,ALLOW,2590,RULE-01,203.0.113.1,
2024-11-14 00:14:15,185.220.101.47,203.0.113.1,22037,443,TCP,DENY,0,RULE-99,,
2024-11-14 00:14:27,185.220.101.47,203.0.113.1,10228,2181,TCP,DENY,0,RULE-99,,
2024-11-14 00:16:06,185.220.101.47,203.0.113.1,30323,3389,TCP,DENY,0,RULE-99,,
2024-11-14 00:16:53,10.10.3.24,199.232.68.133,54353,123,TCP,ALLOW,2636,RULE-01,203.0.113.5,
2024-11-14 00:17:10,10.10.3.24,151.101.1.140,59919,8080,TCP,ALLOW,3846,RULE-01,203.0.113.1,
2024-11-14 00:17:39,10.10.1.17,199.232.68.133,63221,21,TCP,DENY,0,RULE-99,,
2024-11-14 00:18:48,185.220.101.47,203.0.113.1,37877,443,TCP,DENY,0,RULE-99,,
2024-11-14 00:23:18,185.220.101.47,203.0.113.1,51324,27017,TCP,DENY,0,RULE-99,,
2024-11-14 00:24:46,10.10.3.15,52.84.17.200,49114,465,TCP,ALLOW,4474,RULE-01,203.0.113.3,
2024-11-14 00:28:12,10.10.1.29,185.60.216.35,48788,53,UDP,ALLOW,214,RULE-01,203.0.113.5,
2024-11-14 00:29:52,10.10.3.11,13.107.42.14,36233,443,TCP,ALLOW,3419,RULE-01,203.0.113.5,
2024-11-14 00:30:19,185.220.101.47,203.0.113.1,43184,8080,TCP,DENY,0,RULE-99,,
2024-11-14 00:31:59,10.10.1.28,104.244.42.1,20833,993,TCP,ALLOW,315,RULE-01,203.0.113.5,
2024-11-14 00:32:08,185.220.101.47,203.0.113.1,37009,22,TCP,DENY,0,RULE-99,,
2024-11-14 00:32:27,185.220.101.47,203.0.113.1,59486,5432,TCP,DENY,0,RULE-99,,
2024-11-14 00:33:59,10.10.1.19,13.107.42.14,52072,23,TCP,DENY,0,RULE-99,,
2024-11-14 00:34:07,10.10.2.28,185.60.216.35,18933,80,TCP,ALLOW,2731,RULE-01,203.0.113.3,
2024-11-14 00:34:12,10.10.1.15,34.107.221.82,36772,123,TCP,ALLOW,2606,RULE-01,203.0.113.3,
2024-11-14 00:35:41,10.10.3.23,93.184.216.34,20277,23,TCP,DENY,0,RULE-99,,
2024-11-14 00:36:28,185.220.101.47,203.0.113.1,30390,23,TCP,DENY,0,RULE-99,,
2024-11-14 00:37:14,10.10.1.11,199.232.68.133,32976,993,TCP,ALLOW,1937,RULE-01,203.0.113.3,
2024-11-14 00:37:27,185.220.101.47,203.0.113.1,48457,5432,TCP,DENY,0,RULE-99,,
2024-11-14 00:37:45,10.10.2.15,172.217.14.238,40502,80,TCP,ALLOW,2806,RULE-01,203.0.113.5,
2024-11-14 00:42:03,10.10.1.18,93.184.216.34,61113,8080,TCP,ALLOW,4641,RULE-01,203.0.113.1,
2024-11-14 00:42:44,10.10.2.20,199.232.68.133,64298,993,TCP,ALLOW,620,RULE-01,203.0.113.3,
2024-11-14 00:43:52,10.10.1.15,93.184.216.34,25339,465,TCP,ALLOW,3324,RULE-01,203.0.113.3,
2024-11-14 00:46:25,10.10.1.25,151.101.1.140,33729,80,TCP,ALLOW,4441,RULE-01,203.0.113.4,
2024-11-14 00:47:10,10.10.1.24,34.107.221.82,42998,53,UDP,ALLOW,3740,RULE-01,203.0.113.4,
2024-11-14 00:48:49,185.220.101.47,203.0.113.1,7265,8080,TCP,DENY,0,RULE-99,,
2024-11-14 00:49:02,185.220.101.47,203.0.113.1,42805,3306,TCP,DENY,0,RULE-99,,
2024-11-14 00:49:14,185.220.101.47,203.0.113.1,40342,8443,TCP,DENY,0,RULE-99,,
2024-11-14 00:53:01,185.220.101.47,203.0.113.1,64229,6379,TCP,DENY,0,RULE-99,,
2024-11-14 00:55:06,10.10.1.29,142.250.185.46,64074,25,TCP,ALLOW,1161,RULE-01,203.0.113.4,
2024-11-14 00:55:08,185.220.101.47,203.0.113.1,26247,80,TCP,DENY,0,RULE-99,,
2024-11-14 00:56:19,10.10.3.18,93.184.216.34,2198,23,TCP,DENY,0,RULE-99,,
2024-11-14 00:58:24,185.220.101.47,203.0.113.1,2188,23,TCP,DENY,0,RULE-99,,
2024-11-14 00:58:25,10.10.1.17,93.184.216.34,15204,53,UDP,ALLOW,4166,RULE-01,203.0.113.3,
2024-11-14 00:58:44,185.220.101.47,203.0.113.1,45029,8443,TCP,DENY,0,RULE-99,,
2024-11-14 00:59:27,185.220.101.47,203.0.113.1,24832,27017,TCP,DENY,0,RULE-99,,
2024-11-14 00:59:55,185.220.101.47,203.0.113.1,15556,22,TCP,DENY,0,RULE-99,,
2024-11-14 01:00:03,10.10.3.26,13.107.42.14,47198,123,TCP,ALLOW,769,RULE-01,203.0.113.1,
2024-11-14 01:06:15,10.10.1.10,199.232.68.133,54449,53,UDP,ALLOW,3345,RULE-01,203.0.113.5,
2024-11-14 01:19:25,10.10.2.17,104.244.42.1,47747,8443,TCP,ALLOW,2753,RULE-01,203.0.113.4,
2024-11-14 01:21:05,10.10.1.15,34.107.221.82,54931,21,TCP,DENY,0,RULE-99,,
2024-11-14 01:21:37,10.10.1.13,93.184.216.34,38556,8443,TCP,ALLOW,4596,RULE-01,203.0.113.2,
2024-11-14 01:21:58,10.10.2.19,142.250.185.46,46151,465,TCP,ALLOW,1280,RULE-01,203.0.113.3,
2024-11-14 01:26:45,10.10.3.28,104.244.42.1,27017,123,TCP,ALLOW,2160,RULE-01,203.0.113.5,
2024-11-14 01:38:03,10.10.2.18,142.250.185.46,17377,587,TCP,ALLOW,755,RULE-01,203.0.113.3,
2024-11-14 01:38:29,10.10.3.25,151.101.1.140,54154,25,TCP,ALLOW,3072,RULE-01,203.0.113.5,
2024-11-14 01:38:55,10.10.3.27,142.250.185.46,45723,993,TCP,ALLOW,2244,RULE-01,203.0.113.1,
2024-11-14 01:41:47,10.10.1.22,199.232.68.133,60886,139,TCP,DENY,0,RULE-99,,
2024-11-14 01:44:29,10.10.3.28,172.217.14.238,43978,993,TCP,ALLOW,4289,RULE-01,203.0.113.4,
2024-11-14 01:47:23,10.10.1.24,34.107.221.82,5233,53,UDP,ALLOW,3598,RULE-01,203.0.113.4,
2024-11-14 01:54:04,10.10.1.22,172.217.14.238,32441,8443,TCP,ALLOW,1911,RULE-01,203.0.113.3,
2024-11-14 01:55:34,10.10.1.19,104.244.42.1,64509,587,TCP,ALLOW,679,RULE-01,203.0.113.5,
2024-11-14 01:55:51,10.10.3.20,93.184.216.34,64471,465,TCP,ALLOW,3719,RULE-01,203.0.113.2,
2024-11-14 01:56:09,10.10.3.12,151.101.1.140,31500,123,TCP,ALLOW,2299,RULE-01,203.0.113.3,
2024-11-14 01:59:20,10.10.3.27,104.244.42.1,18911,8080,TCP,ALLOW,3770,RULE-01,203.0.113.4,
2024-11-14 02:01:33,10.10.1.22,93.184.216.34,30463,465,TCP,ALLOW,2478,RULE-01,203.0.113.1,
2024-11-14 02:04:01,10.10.3.25,185.60.216.35,22851,993,TCP,ALLOW,1577,RULE-01,203.0.113.1,
2024-11-14 02:05:35,10.10.1.17,142.250.185.46,9590,80,TCP,ALLOW,1823,RULE-01,203.0.113.4,
2024-11-14 02:05:54,10.10.3.25,142.250.185.46,14103,8080,TCP,ALLOW,3970,RULE-01,203.0.113.3,
2024-11-14 02:09:52,10.10.1.23,52.84.17.200,56551,8080,TCP,ALLOW,1086,RULE-01,203.0.113.3,
2024-11-14 02:10:02,10.10.1.11,104.244.42.1,48679,21,TCP,DENY,0,RULE-99,,
2024-11-14 02:10:44,10.10.3.22,104.244.42.1,53882,587,TCP,ALLOW,1831,RULE-01,203.0.113.2,
2024-11-14 02:11:13,10.10.1.27,93.184.216.34,62725,587,TCP,ALLOW,2638,RULE-01,203.0.113.3,
2024-11-14 02:14:17,10.10.3.10,104.244.42.1,46474,137,TCP,DENY,0,RULE-99,,
2024-11-14 02:28:15,10.10.1.11,151.101.1.140,34142,25,TCP,ALLOW,417,RULE-01,203.0.113.5,
2024-11-14 02:28:59,10.10.1.10,34.107.221.82,36514,80,TCP,ALLOW,3037,RULE-01,203.0.113.1,
2024-11-14 02:32:55,10.10.2.21,151.101.1.140,59171,443,TCP,ALLOW,4603,RULE-01,203.0.113.2,
2024-11-14 02:34:30,10.10.1.10,185.60.216.35,30301,465,TCP,ALLOW,2387,RULE-01,203.0.113.3,
2024-11-14 02:36:45,10.10.3.29,52.84.17.200,39855,53,UDP,ALLOW,2805,RULE-01,203.0.113.3,
2024-11-14 02:38:11,10.10.2.14,199.232.68.133,26017,443,TCP,ALLOW,4885,RULE-01,203.0.113.3,
2024-11-14 02:38:55,10.10.1.26,185.60.216.35,7309,587,TCP,ALLOW,606,RULE-01,203.0.113.4,
2024-11-14 02:43:05,10.10.1.17,13.107.42.14,4820,587,TCP,ALLOW,2173,RULE-01,203.0.113.5,
2024-11-14 02:45:52,10.10.2.15,93.184.216.34,15123,8080,TCP,ALLOW,4978,RULE-01,203.0.113.3,
2024-11-14 02:46:06,10.10.3.25,34.107.221.82,33639,123,TCP,ALLOW,4977,RULE-01,203.0.113.2,
2024-11-14 02:46:24,10.10.3.18,93.184.216.34,56686,8080,TCP,ALLOW,2046,RULE-01,203.0.113.3,
2024-11-14 02:46:44,10.10.3.20,151.101.1.140,49058,993,TCP,ALLOW,1049,RULE-01,203.0.113.5,
2024-11-14 02:52:05,10.10.1.11,142.250.185.46,9276,993,TCP,ALLOW,4825,RULE-01,203.0.113.2,
2024-11-14 02:54:47,10.10.3.10,52.84.17.200,11732,8443,TCP,ALLOW,3986,RULE-01,203.0.113.4,
2024-11-14 02:58:22,10.10.3.19,172.217.14.238,47758,587,TCP,ALLOW,802,RULE-01,203.0.113.1,
2024-11-14 03:00:35,10.10.3.18,93.184.216.34,45610,25,TCP,ALLOW,870,RULE-01,203.0.113.5,
2024-11-14 03:01:12,10.10.2.22,52.84.17.200,47398,80,TCP,ALLOW,3786,RULE-01,203.0.113.4,
2024-11-14 03:01:17,10.10.2.17,13.107.42.14,19175,53,UDP,ALLOW,890,RULE-01,203.0.113.2,
2024-11-14 03:01:27,10.10.1.24,52.84.17.200,44072,443,TCP,ALLOW,2175,RULE-01,203.0.113.3,
2024-11-14 03:04:22,10.10.2.19,142.250.185.46,61151,8443,TCP,ALLOW,1194,RULE-01,203.0.113.4,
2024-11-14 03:05:25,10.10.1.27,52.84.17.200,10608,53,UDP,ALLOW,2838,RULE-01,203.0.113.2,
2024-11-14 03:05:42,10.10.1.21,185.60.216.35,58334,8080,TCP,ALLOW,817,RULE-01,203.0.113.4,
2024-11-14 03:06:20,10.10.2.27,185.60.216.35,30963,465,TCP,ALLOW,2674,RULE-01,203.0.113.2,
2024-11-14 03:06:56,10.10.3.17,13.107.42.14,2719,123,TCP,ALLOW,948,RULE-01,203.0.113.2,
2024-11-14 03:11:24,10.10.1.22,172.217.14.238,54449,8443,TCP,ALLOW,3103,RULE-01,203.0.113.3,
2024-11-14 03:12:31,198.20.70.114,203.0.113.1,56860,443,TCP,ALLOW,470,RULE-03,,10.10.1.100
2024-11-14 03:14:06,10.10.3.10,34.107.221.82,50000,993,TCP,ALLOW,333,RULE-01,203.0.113.3,
2024-11-14 03:16:00,198.20.69.74,203.0.113.1,11470,443,TCP,ALLOW,453,RULE-03,,10.10.1.100
2024-11-14 03:16:26,10.10.2.14,172.217.14.238,3932,25,TCP,ALLOW,3772,RULE-01,203.0.113.1,
2024-11-14 03:20:00,10.10.3.15,91.108.56.130,4185,9050,TCP,ALLOW,1274,RULE-01,203.0.113.2,
2024-11-14 03:23:21,10.10.3.23,172.217.14.238,21979,23,TCP,DENY,0,RULE-99,,
2024-11-14 03:25:02,10.10.2.20,52.84.17.200,48549,21,TCP,DENY,0,RULE-99,,
2024-11-14 03:25:22,198.20.70.114,203.0.113.1,54433,443,TCP,ALLOW,575,RULE-03,,10.10.1.100
2024-11-14 03:27:39,45.33.32.156,203.0.113.1,17794,443,TCP,ALLOW,729,RULE-03,,10.10.1.100
2024-11-14 03:31:51,10.10.3.28,93.184.216.34,51812,443,TCP,ALLOW,2332,RULE-01,203.0.113.4,
2024-11-14 03:32:45,10.10.2.27,151.101.1.140,15162,80,TCP,ALLOW,526,RULE-01,203.0.113.1,
2024-11-14 03:34:07,10.10.3.25,142.250.185.46,23868,8080,TCP,ALLOW,912,RULE-01,203.0.113.4,
2024-11-14 03:35:10,10.10.1.21,199.232.68.133,29842,80,TCP,ALLOW,4009,RULE-01,203.0.113.3,
2024-11-14 03:35:40,198.20.69.74,203.0.113.1,61343,443,TCP,ALLOW,649,RULE-03,,10.10.1.100
2024-11-14 03:36:00,203.0.113.77,203.0.113.1,45040,3306,TCP,ALLOW,391,RULE-DNAT-02,,10.10.2.50
2024-11-14 03:37:00,10.10.3.26,34.107.221.82,26127,139,TCP,DENY,0,RULE-99,,
2024-11-14 03:37:43,10.10.1.15,34.107.221.82,36188,80,TCP,ALLOW,1212,RULE-01,203.0.113.4,
2024-11-14 03:37:51,10.10.3.24,13.107.42.14,53919,123,TCP,ALLOW,555,RULE-01,203.0.113.4,
2024-11-14 03:38:38,10.10.3.26,199.232.68.133,10174,53,UDP,ALLOW,2220,RULE-01,203.0.113.5,
2024-11-14 03:38:55,10.10.2.18,185.60.216.35,56892,8080,TCP,ALLOW,1182,RULE-01,203.0.113.1,
2024-11-14 03:40:14,10.10.1.23,13.107.42.14,26962,25,TCP,ALLOW,1272,RULE-01,203.0.113.3,
2024-11-14 03:42:50,10.10.3.20,34.107.221.82,11457,25,TCP,ALLOW,1085,RULE-01,203.0.113.4,
2024-11-14 03:43:13,10.10.2.13,13.107.42.14,47018,25,TCP,ALLOW,784,RULE-01,203.0.113.5,
2024-11-14 03:43:23,10.10.3.18,142.250.185.46,37017,25,TCP,ALLOW,1273,RULE-01,203.0.113.3,
2024-11-14 03:45:32,198.20.69.74,203.0.113.1,9708,443,TCP,ALLOW,756,RULE-03,,10.10.1.100
2024-11-14 03:46:20,10.10.1.18,185.60.216.35,33341,587,TCP,ALLOW,1395,RULE-01,203.0.113.1,
2024-11-14 03:46:43,10.10.1.13,199.232.68.133,59811,137,TCP,DENY,0,RULE-99,,
2024-11-14 03:47:42,45.33.32.156,203.0.113.1,3609,443,TCP,ALLOW,836,RULE-03,,10.10.1.100
2024-11-14 03:49:00,10.10.3.15,91.108.56.130,44406,9050,TCP,ALLOW,1242,RULE-01,203.0.113.2,
2024-11-14 03:49:56,198.20.70.114,203.0.113.1,27289,443,TCP,ALLOW,604,RULE-03,,10.10.1.100
2024-11-14 03:52:17,10.10.1.23,104.244.42.1,62170,8443,TCP,ALLOW,4804,RULE-01,203.0.113.3,
2024-11-14 03:52:34,10.10.1.25,34.107.221.82,55156,993,TCP,ALLOW,838,RULE-01,203.0.113.5,
2024-11-14 03:56:51,10.10.3.25,142.250.185.46,9181,993,TCP,ALLOW,3214,RULE-01,203.0.113.4,
2024-11-14 03:57:18,10.10.3.29,185.60.216.35,28253,8443,TCP,ALLOW,4152,RULE-01,203.0.113.4,
2024-11-14 04:00:42,10.10.2.12,104.244.42.1,19364,53,UDP,ALLOW,3853,RULE-01,203.0.113.2,
2024-11-14 04:00:48,10.10.3.10,151.101.1.140,17073,80,TCP,ALLOW,2028,RULE-01,203.0.113.2,
2024-11-14 04:02:09,10.10.2.19,13.107.42.14,13376,53,UDP,ALLOW,1124,RULE-01,203.0.113.1,
2024-11-14 04:03:07,45.33.32.156,203.0.113.1,65071,443,TCP,ALLOW,551,RULE-03,,10.10.1.100
2024-11-14 04:03:28,10.10.2.22,52.84.17.200,51662,443,TCP,ALLOW,3599,RULE-01,203.0.113.3,
2024-11-14 04:04:51,10.10.1.27,13.107.42.14,18138,137,TCP,DENY,0,RULE-99,,
2024-11-14 04:07:51,10.10.2.10,13.107.42.14,50307,465,TCP,ALLOW,3653,RULE-01,203.0.113.3,
2024-11-14 04:08:03,10.10.1.10,104.244.42.1,50328,25,TCP,ALLOW,712,RULE-01,203.0.113.5,
2024-11-14 04:09:19,10.10.3.24,104.244.42.1,58802,443,TCP,ALLOW,3892,RULE-01,203.0.113.2,
2024-11-14 04:09:45,10.10.2.11,185.60.216.35,24036,443,TCP,ALLOW,4373,RULE-01,203.0.113.4,
2024-11-14 04:10:55,10.10.3.21,185.60.216.35,58716,993,TCP,ALLOW,2463,RULE-01,203.0.113.5,
2024-11-14 04:11:03,10.10.2.22,199.232.68.133,55111,8443,TCP,ALLOW,1173,RULE-01,203.0.113.2,
2024-11-14 04:12:07,45.33.32.156,203.0.113.1,4306,443,TCP,ALLOW,451,RULE-03,,10.10.1.100
2024-11-14 04:16:00,203.0.113.77,203.0.113.1,52111,3306,TCP,ALLOW,823,RULE-DNAT-02,,10.10.2.50
2024-11-14 04:19:20,45.33.32.156,203.0.113.1,53557,443,TCP,ALLOW,746,RULE-03,,10.10.1.100
2024-11-14 04:19:31,10.10.2.21,185.60.216.35,23159,993,TCP,ALLOW,4683,RULE-01,203.0.113.5,
2024-11-14 04:19:56,10.10.2.20,52.84.17.200,34804,443,TCP,ALLOW,2945,RULE-01,203.0.113.1,
2024-11-14 04:23:00,203.0.113.77,203.0.113.1,34551,3306,TCP,ALLOW,1036,RULE-DNAT-02,,10.10.2.50
2024-11-14 04:25:50,10.10.3.20,34.107.221.82,42218,8443,TCP,ALLOW,4304,RULE-01,203.0.113.4,
2024-11-14 04:26:00,203.0.113.77,203.0.113.1,55761,3306,TCP,ALLOW,887,RULE-DNAT-02,,10.10.2.50
2024-11-14 04:26:16,10.10.2.23,185.60.216.35,2147,8443,TCP,ALLOW,4314,RULE-01,203.0.113.4,
2024-11-14 04:26:46,10.10.2.25,142.250.185.46,14798,587,TCP,ALLOW,3721,RULE-01,203.0.113.5,
2024-11-14 04:28:00,203.0.113.77,203.0.113.1,52454,3306,TCP,ALLOW,408,RULE-DNAT-02,,10.10.2.50
2024-11-14 04:29:37,10.10.2.11,34.107.221.82,44447,8080,TCP,ALLOW,3480,RULE-01,203.0.113.5,
2024-11-14 04:32:18,10.10.1.23,52.84.17.200,22527,587,TCP,ALLOW,1182,RULE-01,203.0.113.1,
2024-11-14 04:39:16,10.10.2.24,52.84.17.200,19985,993,TCP,ALLOW,4891,RULE-01,203.0.113.3,
2024-11-14 04:40:00,203.0.113.77,203.0.113.1,28472,3306,TCP,ALLOW,1150,RULE-DNAT-02,,10.10.2.50
2024-11-14 04:41:02,10.10.1.14,199.232.68.133,14235,80,TCP,ALLOW,558,RULE-01,203.0.113.2,
2024-11-14 04:42:46,10.10.3.20,142.250.185.46,15546,443,TCP,ALLOW,3512,RULE-01,203.0.113.2,
2024-11-14 04:44:14,10.10.2.18,151.101.1.140,2339,80,TCP,ALLOW,2810,RULE-01,203.0.113.3,
2024-11-14 04:45:50,10.10.1.16,151.101.1.140,21110,993,TCP,ALLOW,3852,RULE-01,203.0.113.5,
2024-11-14 04:47:00,10.10.3.15,91.108.56.130,61751,443,TCP,ALLOW,239353,RULE-01,203.0.113.2,
2024-11-14 04:49:45,10.10.2.20,104.244.42.1,30747,465,TCP,ALLOW,797,RULE-01,203.0.113.1,
2024-11-14 04:53:36,198.20.69.74,203.0.113.1,39739,443,TCP,ALLOW,647,RULE-03,,10.10.1.100
2024-11-14 04:53:46,10.10.1.19,34.107.221.82,11670,443,TCP,ALLOW,4819,RULE-01,203.0.113.2,
2024-11-14 04:54:54,10.10.2.24,199.232.68.133,32146,123,TCP,ALLOW,336,RULE-01,203.0.113.3,
2024-11-14 04:55:09,198.20.69.74,203.0.113.1,59097,443,TCP,ALLOW,808,RULE-03,,10.10.1.100
2024-11-14 04:55:18,10.10.2.26,104.244.42.1,45853,25,TCP,ALLOW,860,RULE-01,203.0.113.1,
2024-11-14 04:56:03,10.10.2.29,13.107.42.14,34258,443,TCP,ALLOW,2733,RULE-01,203.0.113.4,
2024-11-14 04:56:18,10.10.3.22,172.217.14.238,22039,53,UDP,ALLOW,1845,RULE-01,203.0.113.4,
2024-11-14 04:56:19,198.20.70.114,203.0.113.1,8619,443,TCP,ALLOW,448,RULE-03,,10.10.1.100
2024-11-14 04:57:52,10.10.1.17,185.60.216.35,9009,25,TCP,ALLOW,591,RULE-01,203.0.113.2,
2024-11-14 04:59:31,198.20.70.114,203.0.113.1,18607,443,TCP,ALLOW,849,RULE-03,,10.10.1.100
2024-11-14 05:02:02,10.10.1.11,13.107.42.14,21402,137,TCP,DENY,0,RULE-99,,
2024-11-14 05:04:39,198.20.70.114,203.0.113.1,55792,443,TCP,ALLOW,597,RULE-03,,10.10.1.100
2024-11-14 05:06:00,10.10.3.15,91.108.56.130,36890,9050,TCP,ALLOW,1835,RULE-01,203.0.113.2,
2024-11-14 05:07:06,10.10.1.29,172.217.14.238,38289,465,TCP,ALLOW,693,RULE-01,203.0.113.5,
2024-11-14 05:10:13,10.10.1.13,151.101.1.140,11491,8080,TCP,ALLOW,3521,RULE-01,203.0.113.5,
2024-11-14 05:10:50,10.10.2.12,104.244.42.1,28580,137,TCP,DENY,0,RULE-99,,
2024-11-14 05:11:46,10.10.2.11,142.250.185.46,7836,465,TCP,ALLOW,1880,RULE-01,203.0.113.5,
2024-11-14 05:12:00,203.0.113.77,203.0.113.1,52008,3306,TCP,ALLOW,569,RULE-DNAT-02,,10.10.2.50
2024-11-14 05:14:01,10.10.2.22,199.232.68.133,33619,8080,TCP,ALLOW,389,RULE-01,203.0.113.1,
2024-11-14 05:15:39,10.10.2.29,151.101.1.140,27117,443,TCP,ALLOW,4121,RULE-01,203.0.113.5,
2024-11-14 05:16:02,10.10.1.24,93.184.216.34,64305,25,TCP,ALLOW,4042,RULE-01,203.0.113.2,
2024-11-14 05:17:00,10.10.1.19,185.60.216.35,6202,443,TCP,ALLOW,4388,RULE-01,203.0.113.2,
2024-11-14 05:17:22,10.10.3.26,142.250.185.46,34800,993,TCP,ALLOW,3462,RULE-01,203.0.113.5,
2024-11-14 05:21:20,10.10.1.17,52.84.17.200,23507,993,TCP,ALLOW,3930,RULE-01,203.0.113.2,
2024-11-14 05:21:28,10.10.1.16,172.217.14.238,38759,80,TCP,ALLOW,3274,RULE-01,203.0.113.4,
2024-11-14 05:23:08,10.10.3.22,13.107.42.14,13464,123,TCP,ALLOW,1505,RULE-01,203.0.113.4,
2024-11-14 05:23:53,10.10.1.11,199.232.68.133,38756,443,TCP,ALLOW,3716,RULE-01,203.0.113.5,
2024-11-14 05:24:09,10.10.2.27,151.101.1.140,8748,53,UDP,ALLOW,2154,RULE-01,203.0.113.3,
2024-11-14 05:25:04,10.10.3.17,93.184.216.34,4770,80,TCP,ALLOW,610,RULE-01,203.0.113.5,
2024-11-14 05:27:00,10.10.2.26,142.250.185.46,2050,53,UDP,ALLOW,1897,RULE-01,203.0.113.5,
2024-11-14 05:27:04,10.10.1.12,199.232.68.133,17565,443,TCP,ALLOW,2848,RULE-01,203.0.113.1,
2024-11-14 05:32:35,10.10.3.15,104.244.42.1,32468,8080,TCP,ALLOW,3057,RULE-01,203.0.113.5,
2024-11-14 05:35:21,198.20.69.74,203.0.113.1,29739,443,TCP,ALLOW,492,RULE-03,,10.10.1.100
2024-11-14 05:36:10,10.10.2.13,104.244.42.1,62026,80,TCP,ALLOW,1011,RULE-01,203.0.113.3,
2024-11-14 05:36:35,10.10.1.27,52.84.17.200,40156,80,TCP,ALLOW,1994,RULE-01,203.0.113.1,
2024-11-14 05:37:10,10.10.2.10,52.84.17.200,20124,465,TCP,ALLOW,4222,RULE-01,203.0.113.5,
2024-11-14 05:37:33,10.10.2.28,52.84.17.200,49140,993,TCP,ALLOW,3029,RULE-01,203.0.113.4,
2024-11-14 05:40:30,10.10.2.10,172.217.14.238,16549,123,TCP,ALLOW,2672,RULE-01,203.0.113.2,
2024-11-14 05:41:36,10.10.3.11,104.244.42.1,19728,587,TCP,ALLOW,684,RULE-01,203.0.113.1,
2024-11-14 05:42:23,10.10.2.18,172.217.14.238,40673,25,TCP,ALLOW,4096,RULE-01,203.0.113.5,
2024-11-14 05:46:55,198.20.69.74,203.0.113.1,52087,443,TCP,ALLOW,583,RULE-03,,10.10.1.100
2024-11-14 05:46:56,198.20.69.74,203.0.113.1,57553,443,TCP,ALLOW,750,RULE-03,,10.10.1.100
2024-11-14 05:48:24,10.10.1.27,93.184.216.34,56261,25,TCP,ALLOW,658,RULE-01,203.0.113.2,
2024-11-14 05:50:00,10.10.3.15,91.108.56.130,50644,443,TCP,ALLOW,193650,RULE-01,203.0.113.2,
2024-11-14 05:50:04,10.10.2.23,104.244.42.1,44423,8443,TCP,ALLOW,4118,RULE-01,203.0.113.5,
2024-11-14 05:53:47,10.10.3.21,52.84.17.200,26630,8443,TCP,ALLOW,741,RULE-01,203.0.113.3,
2024-11-14 05:56:27,10.10.2.28,93.184.216.34,62062,53,UDP,ALLOW,2809,RULE-01,203.0.113.2,
2024-11-14 05:56:43,198.20.70.114,203.0.113.1,22563,443,TCP,ALLOW,583,RULE-03,,10.10.1.100
2024-11-14 05:57:45,10.10.2.29,34.107.221.82,56883,443,TCP,ALLOW,4571,RULE-01,203.0.113.4,
2024-11-14 05:59:53,10.10.3.23,172.217.14.238,29874,465,TCP,ALLOW,2942,RULE-01,203.0.113.4,
2024-11-14 06:01:00,203.0.113.77,203.0.113.1,11534,3306,TCP,ALLOW,340,RULE-DNAT-02,,10.10.2.50
2024-11-14 06:03:03,10.10.1.21,93.184.216.34,37714,53,UDP,ALLOW,3692,RULE-01,203.0.113.4,
2024-11-14 06:04:09,10.10.1.12,34.107.221.82,46277,21,TCP,DENY,0,RULE-99,,
2024-11-14 06:04:40,10.10.2.26,34.107.221.82,26179,8443,TCP,ALLOW,1346,RULE-01,203.0.113.1,
2024-11-14 06:04:41,10.10.2.23,199.232.68.133,61179,80,TCP,ALLOW,1850,RULE-01,203.0.113.2,
2024-11-14 06:08:07,10.10.2.20,13.107.42.14,22064,465,TCP,ALLOW,1056,RULE-01,203.0.113.2,
2024-11-14 06:11:50,10.10.3.16,151.101.1.140,53918,80,TCP,ALLOW,3717,RULE-01,203.0.113.3,
2024-11-14 06:19:00,203.0.113.77,203.0.113.1,16392,3306,TCP,ALLOW,302,RULE-DNAT-02,,10.10.2.50
2024-11-14 06:19:56,10.10.1.26,199.232.68.133,53730,587,TCP,ALLOW,1143,RULE-01,203.0.113.4,
2024-11-14 06:20:44,10.10.1.16,34.107.221.82,37582,993,TCP,ALLOW,3195,RULE-01,203.0.113.2,
2024-11-14 06:23:17,10.10.3.18,52.84.17.200,19234,465,TCP,ALLOW,1473,RULE-01,203.0.113.2,
2024-11-14 06:28:34,10.10.1.18,104.244.42.1,27840,139,TCP,DENY,0,RULE-99,,
2024-11-14 06:28:42,10.10.2.17,52.84.17.200,60097,139,TCP,DENY,0,RULE-99,,
2024-11-14 06:30:00,10.10.3.15,91.108.56.130,46584,9050,TCP,ALLOW,838,RULE-01,203.0.113.2,
2024-11-14 06:30:54,10.10.1.18,172.217.14.238,59623,8080,TCP,ALLOW,596,RULE-01,203.0.113.1,
2024-11-14 06:32:36,10.10.2.18,199.232.68.133,9434,8443,TCP,ALLOW,4716,RULE-01,203.0.113.5,
2024-11-14 06:33:00,203.0.113.77,203.0.113.1,47124,3306,TCP,ALLOW,719,RULE-DNAT-02,,10.10.2.50
2024-11-14 06:36:00,10.10.3.15,91.108.56.130,49132,9050,TCP,ALLOW,889,RULE-01,203.0.113.2,
2024-11-14 06:43:40,10.10.3.28,104.244.42.1,62003,8080,TCP,ALLOW,418,RULE-01,203.0.113.4,
2024-11-14 06:44:03,10.10.2.27,93.184.216.34,23584,21,TCP,DENY,0,RULE-99,,
2024-11-14 06:46:22,10.10.3.21,142.250.185.46,35907,123,TCP,ALLOW,2502,RULE-01,203.0.113.5,
2024-11-14 06:48:10,10.10.1.28,172.217.14.238,7813,587,TCP,ALLOW,4934,RULE-01,203.0.113.5,
2024-11-14 06:48:15,10.10.3.28,172.217.14.238,63123,80,TCP,ALLOW,4850,RULE-01,203.0.113.5,
2024-11-14 06:48:32,10.10.2.17,93.184.216.34,47086,993,TCP,ALLOW,3917,RULE-01,203.0.113.3,
2024-11-14 06:49:39,10.10.3.19,104.244.42.1,15376,123,TCP,ALLOW,1757,RULE-01,203.0.113.5,
2024-11-14 06:50:44,10.10.2.17,142.250.185.46,16789,123,TCP,ALLOW,4874,RULE-01,203.0.113.4,
2024-11-14 06:52:26,10.10.2.11,151.101.1.140,58276,465,TCP,ALLOW,3664,RULE-01,203.0.113.1,
2024-11-14 06:59:29,10.10.1.21,93.184.216.34,15654,123,TCP,ALLOW,1636,RULE-01,203.0.113.4,
2024-11-14 07:07:15,10.10.2.19,142.250.185.46,47202,21,TCP,DENY,0,RULE-99,,
2024-11-14 07:07:45,10.10.1.21,151.101.1.140,5459,8443,TCP,ALLOW,4509,RULE-01,203.0.113.5,
2024-11-14 07:10:25,10.10.3.11,34.107.221.82,2218,8443,TCP,ALLOW,3170,RULE-01,203.0.113.3,
2024-11-14 07:10:28,10.10.1.20,172.217.14.238,6799,8080,TCP,ALLOW,3777,RULE-01,203.0.113.1,
2024-11-14 07:15:00,10.10.3.15,91.108.56.130,47999,443,TCP,ALLOW,173587,RULE-01,203.0.113.2,
2024-11-14 07:15:39,10.10.2.23,93.184.216.34,29289,25,TCP,ALLOW,773,RULE-01,203.0.113.3,
2024-11-14 07:19:05,10.10.1.16,93.184.216.34,22387,53,UDP,ALLOW,1814,RULE-01,203.0.113.4,
2024-11-14 07:20:00,10.10.3.15,91.108.56.130,13314,443,TCP,ALLOW,116652,RULE-01,203.0.113.2,
2024-11-14 07:21:36,10.10.2.26,52.84.17.200,27109,8443,TCP,ALLOW,2775,RULE-01,203.0.113.3,
2024-11-14 07:25:53,10.10.2.13,93.184.216.34,31655,123,TCP,ALLOW,4719,RULE-01,203.0.113.2,
2024-11-14 07:27:14,10.10.3.26,151.101.1.140,19700,25,TCP,ALLOW,1492,RULE-01,203.0.113.4,
2024-11-14 07:28:23,10.10.2.19,13.107.42.14,21447,53,UDP,ALLOW,2857,RULE-01,203.0.113.5,
2024-11-14 07:29:31,10.10.2.12,93.184.216.34,5543,465,TCP,ALLOW,4344,RULE-01,203.0.113.3,
2024-11-14 07:29:49,10.10.3.18,13.107.42.14,21531,25,TCP,ALLOW,3590,RULE-01,203.0.113.1,
2024-11-14 07:30:23,10.10.2.28,52.84.17.200,25404,8080,TCP,ALLOW,3836,RULE-01,203.0.113.1,
2024-11-14 07:30:37,10.10.2.11,151.101.1.140,7083,8080,TCP,ALLOW,4587,RULE-01,203.0.113.2,
2024-11-14 07:34:56,10.10.3.20,34.107.221.82,63892,443,TCP,ALLOW,3526,RULE-01,203.0.113.4,
2024-11-14 07:36:49,10.10.2.28,104.244.42.1,50995,53,UDP,ALLOW,1523,RULE-01,203.0.113.5,
2024-11-14 07:36:55,10.10.1.13,34.107.221.82,16475,8443,TCP,ALLOW,3363,RULE-01,203.0.113.1,
2024-11-14 07:37:40,10.10.2.17,13.107.42.14,63518,587,TCP,ALLOW,1450,RULE-01,203.0.113.4,
2024-11-14 07:38:01,10.10.3.19,52.84.17.200,59438,465,TCP,ALLOW,3333,RULE-01,203.0.113.4,
2024-11-14 07:41:30,10.10.3.20,104.244.42.1,19393,993,TCP,ALLOW,3418,RULE-01,203.0.113.3,
2024-11-14 07:43:32,10.10.1.26,52.84.17.200,5871,465,TCP,ALLOW,3878,RULE-01,203.0.113.5,
2024-11-14 07:43:56,10.10.1.15,34.107.221.82,37245,465,TCP,ALLOW,4099,RULE-01,203.0.113.1,
2024-11-14 07:44:00,203.0.113.77,203.0.113.1,14042,3306,TCP,ALLOW,923,RULE-DNAT-02,,10.10.2.50
2024-11-14 07:44:01,10.10.2.11,93.184.216.34,30865,8443,TCP,ALLOW,2836,RULE-01,203.0.113.2,
2024-11-14 07:47:18,10.10.1.20,34.107.221.82,24042,8080,TCP,ALLOW,4673,RULE-01,203.0.113.4,
2024-11-14 07:48:09,10.10.1.21,142.250.185.46,22477,587,TCP,ALLOW,1933,RULE-01,203.0.113.4,
2024-11-14 07:52:21,10.10.2.13,185.60.216.35,54921,123,TCP,ALLOW,3243,RULE-01,203.0.113.1,
2024-11-14 07:55:34,10.10.3.10,93.184.216.34,52267,80,TCP,ALLOW,3141,RULE-01,203.0.113.4,
2024-11-14 07:56:21,10.10.3.19,13.107.42.14,63248,993,TCP,ALLOW,4846,RULE-01,203.0.113.1,
2024-11-14 07:56:36,10.10.3.14,104.244.42.1,16330,123,TCP,ALLOW,3565,RULE-01,203.0.113.1,
2024-11-14 07:56:37,10.10.1.12,199.232.68.133,61331,993,TCP,ALLOW,1429,RULE-01,203.0.113.2,
2024-11-14 07:57:00,203.0.113.77,203.0.113.1,64798,3306,TCP,ALLOW,506,RULE-DNAT-02,,10.10.2.50
2024-11-14 07:58:13,10.10.2.28,52.84.17.200,28748,123,TCP,ALLOW,1721,RULE-01,203.0.113.4,
2024-11-14 07:58:48,10.10.2.16,172.217.14.238,33423,25,TCP,ALLOW,3473,RULE-01,203.0.113.2,
2024-11-14 08:03:24,10.10.2.10,199.232.68.133,44519,465,TCP,ALLOW,1446,RULE-01,203.0.113.4,
2024-11-14 08:04:27,10.10.2.11,151.101.1.140,19645,8443,TCP,ALLOW,2264,RULE-01,203.0.113.5,
2024-11-14 08:04:38,10.10.3.26,34.107.221.82,23243,8080,TCP,ALLOW,1730,RULE-01,203.0.113.4,
2024-11-14 08:05:03,10.10.3.29,13.107.42.14,57438,53,UDP,ALLOW,4856,RULE-01,203.0.113.4,
2024-11-14 08:05:38,10.10.2.25,142.250.185.46,54659,139,TCP,DENY,0,RULE-99,,
2024-11-14 08:07:09,10.10.1.10,185.60.216.35,52087,465,TCP,ALLOW,893,RULE-01,203.0.113.5,
2024-11-14 08:08:00,10.10.3.15,91.108.56.130,28606,9050,TCP,ALLOW,1213,RULE-01,203.0.113.2,
2024-11-14 08:08:30,10.10.2.25,93.184.216.34,16939,53,UDP,ALLOW,2288,RULE-01,203.0.113.2,
2024-11-14 08:10:00,203.0.113.77,203.0.113.1,33553,3306,TCP,ALLOW,512,RULE-DNAT-02,,10.10.2.50
2024-11-14 08:14:26,10.10.1.24,199.232.68.133,31371,993,TCP,ALLOW,4299,RULE-01,203.0.113.2,
2024-11-14 08:18:25,10.10.1.28,185.60.216.35,46946,993,TCP,ALLOW,2872,RULE-01,203.0.113.3,
2024-11-14 08:24:57,10.10.2.19,185.60.216.35,17700,80,TCP,ALLOW,224,RULE-01,203.0.113.2,
2024-11-14 08:25:36,10.10.1.15,104.244.42.1,34674,993,TCP,ALLOW,601,RULE-01,203.0.113.3,
2024-11-14 08:25:49,10.10.2.13,52.84.17.200,42023,80,TCP,ALLOW,2702,RULE-01,203.0.113.2,
2024-11-14 08:27:14,10.10.2.16,52.84.17.200,52663,80,TCP,ALLOW,4258,RULE-01,203.0.113.2,
2024-11-14 08:28:09,10.10.1.14,52.84.17.200,64414,25,TCP,ALLOW,4765,RULE-01,203.0.113.3,
2024-11-14 08:28:16,10.10.2.20,151.101.1.140,31887,587,TCP,ALLOW,4206,RULE-01,203.0.113.3,
2024-11-14 08:34:47,10.10.1.25,34.107.221.82,35362,123,TCP,ALLOW,844,RULE-01,203.0.113.4,
2024-11-14 08:36:21,10.10.3.22,142.250.185.46,18570,993,TCP,ALLOW,742,RULE-01,203.0.113.2,
2024-11-14 08:36:50,10.10.1.22,172.217.14.238,33797,8443,TCP,ALLOW,529,RULE-01,203.0.113.1,
2024-11-14 08:39:17,10.10.1.17,199.232.68.133,62803,587,TCP,ALLOW,2430,RULE-01,203.0.113.5,
2024-11-14 08:39:32,10.10.3.13,151.101.1.140,48748,80,TCP,ALLOW,2979,RULE-01,203.0.113.1,
2024-11-14 08:41:13,10.10.3.10,34.107.221.82,29140,139,TCP,DENY,0,RULE-99,,
2024-11-14 08:43:14,10.10.1.11,34.107.221.82,48483,993,TCP,ALLOW,1552,RULE-01,203.0.113.4,
2024-11-14 08:43:24,10.10.1.26,52.84.17.200,57031,80,TCP,ALLOW,3904,RULE-01,203.0.113.5,
2024-11-14 08:46:00,203.0.113.77,203.0.113.1,8739,3306,TCP,ALLOW,589,RULE-DNAT-02,,10.10.2.50
2024-11-14 08:47:49,10.10.1.15,104.244.42.1,32850,53,UDP,ALLOW,4143,RULE-01,203.0.113.2,
2024-11-14 08:48:00,203.0.113.77,203.0.113.1,40714,3306,TCP,ALLOW,1017,RULE-DNAT-02,,10.10.2.50
2024-11-14 08:49:14,10.10.2.20,104.244.42.1,13502,8080,TCP,ALLOW,972,RULE-01,203.0.113.1,
2024-11-14 08:54:05,10.10.2.11,104.244.42.1,46715,25,TCP,ALLOW,4739,RULE-01,203.0.113.5,
2024-11-14 08:59:23,10.10.2.12,104.244.42.1,41399,53,UDP,ALLOW,3824,RULE-01,203.0.113.2,
2024-11-14 09:00:40,10.10.3.25,52.84.17.200,2648,53,UDP,ALLOW,1669,RULE-01,203.0.113.3,
2024-11-14 09:02:26,10.10.2.23,185.60.216.35,4567,21,TCP,DENY,0,RULE-99,,
2024-11-14 09:03:26,10.10.3.12,93.184.216.34,20717,25,TCP,ALLOW,2454,RULE-01,203.0.113.1,
2024-11-14 09:07:40,10.10.3.28,185.60.216.35,12534,993,TCP,ALLOW,1844,RULE-01,203.0.113.2,
2024-11-14 09:08:16,10.10.2.11,93.184.216.34,5104,8080,TCP,ALLOW,1894,RULE-01,203.0.113.4,
2024-11-14 09:08:25,10.10.3.17,172.217.14.238,47026,993,TCP,ALLOW,4699,RULE-01,203.0.113.4,
2024-11-14 09:08:44,10.10.2.11,199.232.68.133,48839,465,TCP,ALLOW,978,RULE-01,203.0.113.3,
2024-11-14 09:09:00,203.0.113.77,203.0.113.1,35122,3306,TCP,ALLOW,576,RULE-DNAT-02,,10.10.2.50
2024-11-14 09:12:00,203.0.113.77,203.0.113.1,33405,3306,TCP,ALLOW,452,RULE-DNAT-02,,10.10.2.50
2024-11-14 09:14:22,10.10.1.28,185.60.216.35,27539,139,TCP,DENY,0,RULE-99,,
2024-11-14 09:14:50,10.10.1.11,199.232.68.133,10948,993,TCP,ALLOW,3582,RULE-01,203.0.113.2,
2024-11-14 09:15:00,10.10.3.15,91.108.56.130,47627,9050,TCP,ALLOW,953,RULE-01,203.0.113.2,
2024-11-14 09:15:21,10.10.2.12,185.60.216.35,36296,465,TCP,ALLOW,4673,RULE-01,203.0.113.5,
2024-11-14 09:19:36,10.10.1.26,142.250.185.46,35501,53,UDP,ALLOW,1131,RULE-01,203.0.113.1,
2024-11-14 09:19:54,10.10.1.20,34.107.221.82,20668,587,TCP,ALLOW,4166,RULE-01,203.0.113.1,
2024-11-14 09:22:00,203.0.113.77,203.0.113.1,62177,3306,TCP,ALLOW,792,RULE-DNAT-02,,10.10.2.50
2024-11-14 09:22:33,10.10.1.10,13.107.42.14,46508,443,TCP,ALLOW,1282,RULE-01,203.0.113.4,
2024-11-14 09:24:00,10.10.3.15,91.108.56.130,58469,9050,TCP,ALLOW,1847,RULE-01,203.0.113.2,
2024-11-14 09:24:04,10.10.1.26,199.232.68.133,46675,587,TCP,ALLOW,4752,RULE-01,203.0.113.4,
2024-11-14 09:25:19,10.10.3.12,34.107.221.82,27965,993,TCP,ALLOW,4025,RULE-01,203.0.113.1,
2024-11-14 09:25:34,10.10.2.27,151.101.1.140,23603,80,TCP,ALLOW,722,RULE-01,203.0.113.5,
2024-11-14 09:25:49,10.10.3.15,185.60.216.35,59710,139,TCP,DENY,0,RULE-99,,
2024-11-14 09:28:43,10.10.3.20,172.217.14.238,8545,25,TCP,ALLOW,4661,RULE-01,203.0.113.2,
2024-11-14 09:28:44,10.10.1.19,142.250.185.46,15365,443,TCP,ALLOW,1640,RULE-01,203.0.113.5,
2024-11-14 09:34:17,10.10.3.17,199.232.68.133,37783,8443,TCP,ALLOW,279,RULE-01,203.0.113.1,
2024-11-14 09:35:55,10.10.2.24,185.60.216.35,59863,123,TCP,ALLOW,4980,RULE-01,203.0.113.4,
2024-11-14 09:40:20,10.10.3.11,34.107.221.82,7967,993,TCP,ALLOW,286,RULE-01,203.0.113.1,
2024-11-14 09:40:50,10.10.1.28,13.107.42.14,10564,993,TCP,ALLOW,2200,RULE-01,203.0.113.5,
2024-11-14 09:41:22,10.10.2.24,142.250.185.46,9801,443,TCP,ALLOW,2366,RULE-01,203.0.113.3,
2024-11-14 09:48:31,10.10.2.17,52.84.17.200,11319,123,TCP,ALLOW,638,RULE-01,203.0.113.1,
2024-11-14 09:50:08,10.10.3.16,13.107.42.14,19017,123,TCP,ALLOW,669,RULE-01,203.0.113.1,
2024-11-14 09:57:49,10.10.1.11,199.232.68.133,53301,25,TCP,ALLOW,2586,RULE-01,203.0.113.1,
2024-11-14 09:58:55,10.10.3.17,142.250.185.46,16381,465,TCP,ALLOW,4621,RULE-01,203.0.113.2,
2024-11-14 10:00:40,10.10.2.10,13.107.42.14,5499,53,UDP,ALLOW,4041,RULE-01,203.0.113.4,
2024-11-14 10:00:54,10.10.3.10,104.244.42.1,6101,587,TCP,ALLOW,2540,RULE-01,203.0.113.2,
2024-11-14 10:05:05,10.10.2.28,13.107.42.14,30001,8080,TCP,ALLOW,1950,RULE-01,203.0.113.5,
2024-11-14 10:05:12,10.10.1.20,13.107.42.14,8641,8443,TCP,ALLOW,1882,RULE-01,203.0.113.5,
2024-11-14 10:06:00,10.10.3.15,91.108.56.130,30142,9050,TCP,ALLOW,2357,RULE-01,203.0.113.2,
2024-11-14 10:06:23,10.10.3.15,151.101.1.140,44013,993,TCP,ALLOW,2300,RULE-01,203.0.113.4,
2024-11-14 10:07:59,10.10.1.18,185.60.216.35,51750,137,TCP,DENY,0,RULE-99,,
2024-11-14 10:08:35,10.10.3.14,13.107.42.14,30167,25,TCP,ALLOW,2134,RULE-01,203.0.113.3,
2024-11-14 10:08:58,10.10.3.13,151.101.1.140,5840,8080,TCP,ALLOW,861,RULE-01,203.0.113.3,
2024-11-14 10:09:43,10.10.3.15,34.107.221.82,24062,53,UDP,ALLOW,3862,RULE-01,203.0.113.1,
2024-11-14 10:10:22,10.10.2.16,13.107.42.14,41039,25,TCP,ALLOW,2534,RULE-01,203.0.113.4,
2024-11-14 10:13:10,10.10.2.21,151.101.1.140,54022,8443,TCP,ALLOW,655,RULE-01,203.0.113.4,
2024-11-14 10:14:31,10.10.2.21,172.217.14.238,12662,139,TCP,DENY,0,RULE-99,,
2024-11-14 10:15:15,10.10.1.16,172.217.14.238,40200,80,TCP,ALLOW,598,RULE-01,203.0.113.2,
2024-11-14 10:15:29,10.10.2.27,199.232.68.133,36320,53,UDP,ALLOW,4167,RULE-01,203.0.113.3,
2024-11-14 10:20:38,10.10.2.19,172.217.14.238,45662,123,TCP,ALLOW,4824,RULE-01,203.0.113.5,
2024-11-14 10:22:06,10.10.1.11,172.217.14.238,39834,25,TCP,ALLOW,3718,RULE-01,203.0.113.4,
2024-11-14 10:22:09,10.10.2.19,151.101.1.140,17271,587,TCP,ALLOW,1354,RULE-01,203.0.113.1,
2024-11-14 10:25:13,10.10.1.18,52.84.17.200,41617,993,TCP,ALLOW,639,RULE-01,203.0.113.3,
2024-11-14 10:26:26,10.10.3.16,104.244.42.1,59225,465,TCP,ALLOW,2071,RULE-01,203.0.113.4,
2024-11-14 10:27:13,10.10.1.14,185.60.216.35,3488,8080,TCP,ALLOW,666,RULE-01,203.0.113.3,
2024-11-14 10:32:32,10.10.1.16,13.107.42.14,43053,587,TCP,ALLOW,4650,RULE-01,203.0.113.5,
2024-11-14 10:33:17,10.10.2.22,185.60.216.35,63299,993,TCP,ALLOW,4198,RULE-01,203.0.113.3,
2024-11-14 10:33:20,10.10.1.27,104.244.42.1,7031,443,TCP,ALLOW,1937,RULE-01,203.0.113.5,
2024-11-14 10:37:46,10.10.2.10,151.101.1.140,1546,8443,TCP,ALLOW,3222,RULE-01,203.0.113.2,
2024-11-14 10:37:53,10.10.1.18,93.184.216.34,37980,465,TCP,ALLOW,672,RULE-01,203.0.113.5,
2024-11-14 10:41:29,10.10.2.27,142.250.185.46,42628,443,TCP,ALLOW,3134,RULE-01,203.0.113.1,
2024-11-14 10:42:00,10.10.3.15,91.108.56.130,15152,443,TCP,ALLOW,204811,RULE-01,203.0.113.2,
2024-11-14 10:42:41,10.10.3.24,13.107.42.14,17538,21,TCP,DENY,0,RULE-99,,
2024-11-14 10:43:56,10.10.1.24,199.232.68.133,17757,587,TCP,ALLOW,276,RULE-01,203.0.113.4,
2024-11-14 10:44:09,10.10.2.14,13.107.42.14,60800,53,UDP,ALLOW,4567,RULE-01,203.0.113.3,
2024-11-14 10:46:41,10.10.3.18,199.232.68.133,12049,8080,TCP,ALLOW,3085,RULE-01,203.0.113.2,
2024-11-14 10:48:33,10.10.2.13,172.217.14.238,51449,8080,TCP,ALLOW,2508,RULE-01,203.0.113.4,
2024-11-14 10:50:48,10.10.2.28,93.184.216.34,39056,465,TCP,ALLOW,4740,RULE-01,203.0.113.1,
2024-11-14 10:54:06,10.10.1.27,13.107.42.14,34127,139,TCP,DENY,0,RULE-99,,
2024-11-14 10:55:31,10.10.2.29,93.184.216.34,29569,8080,TCP,ALLOW,2398,RULE-01,203.0.113.3,
2024-11-14 10:56:00,10.10.1.12,34.107.221.82,57780,443,TCP,ALLOW,2512,RULE-01,203.0.113.3,
2024-11-14 10:58:32,10.10.2.10,185.60.216.35,35997,465,TCP,ALLOW,3143,RULE-01,203.0.113.3,
2024-11-14 10:59:00,10.10.3.15,91.108.56.130,8033,443,TCP,ALLOW,151660,RULE-01,203.0.113.2,
2024-11-14 11:02:24,10.10.2.21,52.84.17.200,18904,8443,TCP,ALLOW,1779,RULE-01,203.0.113.1,
2024-11-14 11:05:00,10.10.3.15,91.108.56.130,47021,9050,TCP,ALLOW,1427,RULE-01,203.0.113.2,
2024-11-14 11:05:37,10.10.3.25,52.84.17.200,52242,443,TCP,ALLOW,2371,RULE-01,203.0.113.3,
2024-11-14 11:06:32,10.10.2.16,199.232.68.133,20111,123,TCP,ALLOW,467,RULE-01,203.0.113.2,
2024-11-14 11:07:54,10.10.3.24,151.101.1.140,4541,23,TCP,DENY,0,RULE-99,,
2024-11-14 11:08:56,10.10.2.13,93.184.216.34,63575,53,UDP,ALLOW,797,RULE-01,203.0.113.1,
2024-11-14 11:10:14,10.10.2.16,93.184.216.34,58224,123,TCP,ALLOW,710,RULE-01,203.0.113.2,
2024-11-14 11:10:24,10.10.3.27,185.60.216.35,35720,80,TCP,ALLOW,3128,RULE-01,203.0.113.5,
2024-11-14 11:13:23,10.10.2.26,172.217.14.238,3479,21,TCP,DENY,0,RULE-99,,
2024-11-14 11:13:51,10.10.1.29,172.217.14.238,37296,993,TCP,ALLOW,4549,RULE-01,203.0.113.3,
2024-11-14 11:14:54,10.10.1.12,52.84.17.200,35058,993,TCP,ALLOW,3943,RULE-01,203.0.113.2,
2024-11-14 11:17:57,10.10.1.11,142.250.185.46,41084,25,TCP,ALLOW,796,RULE-01,203.0.113.4,
2024-11-14 11:20:11,10.10.2.23,199.232.68.133,7421,993,TCP,ALLOW,3789,RULE-01,203.0.113.4,
2024-11-14 11:25:22,10.10.3.22,52.84.17.200,42425,8080,TCP,ALLOW,1693,RULE-01,203.0.113.2,
2024-11-14 11:26:21,10.10.2.19,142.250.185.46,56552,80,TCP,ALLOW,3490,RULE-01,203.0.113.4,
2024-11-14 11:32:22,10.10.3.13,151.101.1.140,5207,137,TCP,DENY,0,RULE-99,,
2024-11-14 11:36:00,10.10.3.15,91.108.56.130,12098,9050,TCP,ALLOW,1304,RULE-01,203.0.113.2,
2024-11-14 11:37:51,10.10.1.20,199.232.68.133,31461,465,TCP,ALLOW,1871,RULE-01,203.0.113.3,
2024-11-14 11:40:56,10.10.1.27,199.232.68.133,40809,465,TCP,ALLOW,3821,RULE-01,203.0.113.4,
2024-11-14 11:42:16,10.10.1.21,104.244.42.1,13607,993,TCP,ALLOW,2055,RULE-01,203.0.113.2,
2024-11-14 11:51:44,10.10.3.10,185.60.216.35,15975,8080,TCP,ALLOW,3114,RULE-01,203.0.113.5,
2024-11-14 11:53:02,10.10.1.23,172.217.14.238,14142,587,TCP,ALLOW,1204,RULE-01,203.0.113.2,
2024-11-14 11:54:11,10.10.2.22,199.232.68.133,28262,465,TCP,ALLOW,3836,RULE-01,203.0.113.4,
2024-11-14 11:55:17,10.10.1.19,172.217.14.238,36552,25,TCP,ALLOW,2731,RULE-01,203.0.113.2,
2024-11-14 12:01:05,10.10.3.11,142.250.185.46,26313,25,TCP,ALLOW,1123,RULE-01,203.0.113.2,
2024-11-14 12:01:06,10.10.1.13,142.250.185.46,40182,587,TCP,ALLOW,4055,RULE-01,203.0.113.3,
2024-11-14 12:03:55,10.10.1.24,172.217.14.238,10241,443,TCP,ALLOW,2912,RULE-01,203.0.113.1,
2024-11-14 12:06:19,10.10.1.26,13.107.42.14,31564,8443,TCP,ALLOW,1007,RULE-01,203.0.113.4,
2024-11-14 12:07:00,10.10.3.15,91.108.56.130,41861,9050,TCP,ALLOW,999,RULE-01,203.0.113.2,
2024-11-14 12:10:44,10.10.2.14,172.217.14.238,37110,25,TCP,ALLOW,2965,RULE-01,203.0.113.3,
2024-11-14 12:13:18,10.10.2.20,104.244.42.1,8876,139,TCP,DENY,0,RULE-99,,
2024-11-14 12:18:31,10.10.1.21,52.84.17.200,60708,465,TCP,ALLOW,653,RULE-01,203.0.113.1,
2024-11-14 12:20:46,10.10.3.18,142.250.185.46,19981,53,UDP,ALLOW,2118,RULE-01,203.0.113.5,
2024-11-14 12:25:07,10.10.1.14,93.184.216.34,18404,25,TCP,ALLOW,1285,RULE-01,203.0.113.3,
2024-11-14 12:27:06,10.10.1.14,185.60.216.35,27460,21,TCP,DENY,0,RULE-99,,
2024-11-14 12:28:14,10.10.3.28,13.107.42.14,20697,21,TCP,DENY,0,RULE-99,,
2024-11-14 12:33:04,10.10.1.23,93.184.216.34,13387,123,TCP,ALLOW,3409,RULE-01,203.0.113.3,
2024-11-14 12:33:04,10.10.2.13,104.244.42.1,33367,53,UDP,ALLOW,944,RULE-01,203.0.113.1,
2024-11-14 12:34:00,10.10.2.22,151.101.1.140,13731,8443,TCP,ALLOW,3062,RULE-01,203.0.113.3,
2024-11-14 12:35:52,10.10.2.26,199.232.68.133,8443,8443,TCP,ALLOW,4891,RULE-01,203.0.113.1,
2024-11-14 12:39:26,10.10.2.18,93.184.216.34,27765,8443,TCP,ALLOW,1046,RULE-01,203.0.113.1,
2024-11-14 12:40:51,10.10.3.12,34.107.221.82,53524,993,TCP,ALLOW,1510,RULE-01,203.0.113.1,
2024-11-14 12:41:11,10.10.2.20,199.232.68.133,39930,993,TCP,ALLOW,1093,RULE-01,203.0.113.4,
2024-11-14 12:41:16,10.10.1.27,34.107.221.82,2338,23,TCP,DENY,0,RULE-99,,
2024-11-14 12:45:37,10.10.3.22,142.250.185.46,52895,21,TCP,DENY,0,RULE-99,,
2024-11-14 12:45:38,10.10.2.29,34.107.221.82,22515,465,TCP,ALLOW,910,RULE-01,203.0.113.4,
2024-11-14 12:48:18,10.10.3.17,199.232.68.133,57856,137,TCP,DENY,0,RULE-99,,
2024-11-14 12:49:00,10.10.2.22,172.217.14.238,53482,21,TCP,DENY,0,RULE-99,,
2024-11-14 12:50:02,10.10.1.22,52.84.17.200,51190,21,TCP,DENY,0,RULE-99,,
2024-11-14 12:50:39,10.10.3.12,13.107.42.14,30612,8080,TCP,ALLOW,1191,RULE-01,203.0.113.2,
2024-11-14 12:52:32,10.10.2.16,142.250.185.46,24733,25,TCP,ALLOW,4283,RULE-01,203.0.113.4,
2024-11-14 12:53:19,10.10.1.26,104.244.42.1,37592,8443,TCP,ALLOW,4955,RULE-01,203.0.113.5,
2024-11-14 12:53:41,10.10.1.12,52.84.17.200,43721,8080,TCP,ALLOW,3822,RULE-01,203.0.113.3,
2024-11-14 12:54:22,10.10.3.14,199.232.68.133,18503,993,TCP,ALLOW,876,RULE-01,203.0.113.4,
2024-11-14 12:54:44,10.10.1.18,172.217.14.238,45587,25,TCP,ALLOW,3845,RULE-01,203.0.113.1,
2024-11-14 12:55:16,10.10.3.24,185.60.216.35,31049,23,TCP,DENY,0,RULE-99,,
2024-11-14 12:55:25,10.10.1.15,142.250.185.46,28094,25,TCP,ALLOW,3251,RULE-01,203.0.113.4,
2024-11-14 12:57:21,10.10.2.19,185.60.216.35,55046,139,TCP,DENY,0,RULE-99,,
2024-11-14 12:58:22,10.10.3.27,104.244.42.1,12137,123,TCP,ALLOW,3318,RULE-01,203.0.113.2,
2024-11-14 13:01:34,10.10.2.28,172.217.14.238,25952,25,TCP,ALLOW,3890,RULE-01,203.0.113.4,
2024-11-14 13:09:42,10.10.3.15,52.84.17.200,57428,443,TCP,ALLOW,3189,RULE-01,203.0.113.1,
2024-11-14 13:11:06,10.10.1.28,172.217.14.238,44745,8080,TCP,ALLOW,2726,RULE-01,203.0.113.1,
2024-11-14 13:12:48,10.10.1.17,185.60.216.35,64326,8080,TCP,ALLOW,2767,RULE-01,203.0.113.5,
2024-11-14 13:14:03,10.10.2.21,172.217.14.238,59267,443,TCP,ALLOW,298,RULE-01,203.0.113.3,
2024-11-14 13:18:51,10.10.1.19,142.250.185.46,15122,443,TCP,ALLOW,3281,RULE-01,203.0.113.4,
2024-11-14 13:19:39,10.10.3.20,93.184.216.34,33909,993,TCP,ALLOW,2432,RULE-01,203.0.113.2,
2024-11-14 13:22:01,10.10.3.13,93.184.216.34,25880,465,TCP,ALLOW,2081,RULE-01,203.0.113.2,
2024-11-14 13:26:48,10.10.3.28,52.84.17.200,2791,123,TCP,ALLOW,3427,RULE-01,203.0.113.5,
2024-11-14 13:27:20,10.10.2.20,172.217.14.238,34225,465,TCP,ALLOW,3626,RULE-01,203.0.113.5,
2024-11-14 13:27:55,10.10.2.11,104.244.42.1,42856,139,TCP,DENY,0,RULE-99,,
2024-11-14 13:29:03,10.10.3.11,172.217.14.238,49434,25,TCP,ALLOW,505,RULE-01,203.0.113.2,
2024-11-14 13:30:06,10.10.3.20,185.60.216.35,58704,137,TCP,DENY,0,RULE-99,,
2024-11-14 13:31:32,10.10.1.25,104.244.42.1,30424,25,TCP,ALLOW,1348,RULE-01,203.0.113.4,
2024-11-14 13:33:01,10.10.2.25,142.250.185.46,50233,443,TCP,ALLOW,2385,RULE-01,203.0.113.3,
2024-11-14 13:34:25,10.10.1.12,185.60.216.35,19942,25,TCP,ALLOW,1577,RULE-01,203.0.113.4,
2024-11-14 13:37:58,10.10.3.12,199.232.68.133,9695,25,TCP,ALLOW,4877,RULE-01,203.0.113.5,
2024-11-14 13:39:58,10.10.1.27,13.107.42.14,6304,993,TCP,ALLOW,1333,RULE-01,203.0.113.2,
2024-11-14 13:40:04,10.10.2.14,199.232.68.133,28491,993,TCP,ALLOW,1465,RULE-01,203.0.113.4,
2024-11-14 13:42:48,10.10.3.12,13.107.42.14,28155,21,TCP,DENY,0,RULE-99,,
2024-11-14 13:44:06,10.10.1.27,93.184.216.34,54934,993,TCP,ALLOW,540,RULE-01,203.0.113.4,
2024-11-14 13:53:58,10.10.2.27,199.232.68.133,50862,25,TCP,ALLOW,2208,RULE-01,203.0.113.2,
2024-11-14 13:56:50,10.10.2.29,93.184.216.34,30247,465,TCP,ALLOW,1503,RULE-01,203.0.113.4,
2024-11-14 13:58:52,10.10.1.26,104.244.42.1,62642,53,UDP,ALLOW,4523,RULE-01,203.0.113.4,
2024-11-14 14:05:05,10.10.1.11,142.250.185.46,27981,8443,TCP,ALLOW,297,RULE-01,203.0.113.1,
2024-11-14 14:05:50,10.10.1.20,104.244.42.1,5943,53,UDP,ALLOW,1482,RULE-01,203.0.113.1,
2024-11-14 14:06:24,10.10.1.29,93.184.216.34,27762,80,TCP,ALLOW,963,RULE-01,203.0.113.2,
2024-11-14 14:08:32,10.10.2.25,104.244.42.1,19937,993,TCP,ALLOW,802,RULE-01,203.0.113.4,
2024-11-14 14:11:07,10.10.2.10,34.107.221.82,9365,587,TCP,ALLOW,1771,RULE-01,203.0.113.4,
2024-11-14 14:12:13,10.10.3.10,93.184.216.34,11959,53,UDP,ALLOW,4211,RULE-01,203.0.113.3,
2024-11-14 14:15:23,10.10.1.15,34.107.221.82,27065,137,TCP,DENY,0,RULE-99,,
2024-11-14 14:19:07,10.10.1.15,104.244.42.1,51122,443,TCP,ALLOW,3609,RULE-01,203.0.113.5,
2024-11-14 14:20:59,10.10.1.18,199.232.68.133,40047,8443,TCP,ALLOW,2799,RULE-01,203.0.113.4,
2024-11-14 14:26:56,10.10.1.18,13.107.42.14,7982,8443,TCP,ALLOW,2814,RULE-01,203.0.113.2,
2024-11-14 14:29:12,10.10.3.29,151.101.1.140,52112,23,TCP,DENY,0,RULE-99,,
2024-11-14 14:31:14,10.10.3.16,172.217.14.238,3723,993,TCP,ALLOW,432,RULE-01,203.0.113.1,
2024-11-14 14:34:45,10.10.1.15,34.107.221.82,35285,123,TCP,ALLOW,2791,RULE-01,203.0.113.3,
2024-11-14 14:35:41,10.10.2.24,199.232.68.133,33948,993,TCP,ALLOW,2834,RULE-01,203.0.113.4,
2024-11-14 14:40:20,10.10.3.17,13.107.42.14,45221,587,TCP,ALLOW,1782,RULE-01,203.0.113.2,
2024-11-14 14:42:17,10.10.3.19,93.184.216.34,2921,21,TCP,DENY,0,RULE-99,,
2024-11-14 14:43:27,10.10.3.20,185.60.216.35,61395,123,TCP,ALLOW,2564,RULE-01,203.0.113.4,
2024-11-14 14:50:47,10.10.3.22,104.244.42.1,63165,80,TCP,ALLOW,1100,RULE-01,203.0.113.2,
2024-11-14 14:51:06,10.10.2.24,199.232.68.133,58804,21,TCP,DENY,0,RULE-99,,
2024-11-14 14:56:12,10.10.2.24,142.250.185.46,16879,8443,TCP,ALLOW,1376,RULE-01,203.0.113.3,
2024-11-14 14:57:36,10.10.2.14,172.217.14.238,25952,80,TCP,ALLOW,4107,RULE-01,203.0.113.1,
2024-11-14 14:57:37,10.10.2.24,142.250.185.46,56500,25,TCP,ALLOW,3381,RULE-01,203.0.113.3,
2024-11-14 14:58:54,10.10.1.23,52.84.17.200,51125,21,TCP,DENY,0,RULE-99,,
2024-11-14 14:59:42,10.10.2.23,151.101.1.140,42149,587,TCP,ALLOW,831,RULE-01,203.0.113.4,
2024-11-14 15:01:51,10.10.2.20,185.60.216.35,15936,123,TCP,ALLOW,620,RULE-01,203.0.113.5,
2024-11-14 15:04:40,10.10.1.17,172.217.14.238,39986,25,TCP,ALLOW,525,RULE-01,203.0.113.5,
2024-11-14 15:06:05,10.10.3.20,199.232.68.133,24935,80,TCP,ALLOW,1276,RULE-01,203.0.113.1,
2024-11-14 15:08:26,10.10.3.11,52.84.17.200,11129,123,TCP,ALLOW,1602,RULE-01,203.0.113.5,
2024-11-14 15:13:38,10.10.3.17,142.250.185.46,47428,21,TCP,DENY,0,RULE-99,,
2024-11-14 15:15:07,10.10.2.11,151.101.1.140,21187,465,TCP,ALLOW,418,RULE-01,203.0.113.5,
2024-11-14 15:19:11,10.10.2.13,185.60.216.35,20294,139,TCP,DENY,0,RULE-99,,
2024-11-14 15:19:51,10.10.2.14,34.107.221.82,44321,53,UDP,ALLOW,3313,RULE-01,203.0.113.1,
2024-11-14 15:20:23,10.10.2.13,151.101.1.140,17986,123,TCP,ALLOW,814,RULE-01,203.0.113.1,
2024-11-14 15:20:58,10.10.1.14,93.184.216.34,15176,25,TCP,ALLOW,2108,RULE-01,203.0.113.3,
2024-11-14 15:21:57,10.10.1.18,151.101.1.140,16705,123,TCP,ALLOW,2186,RULE-01,203.0.113.1,
2024-11-14 15:22:19,10.10.2.14,172.217.14.238,8510,465,TCP,ALLOW,3050,RULE-01,203.0.113.3,
2024-11-14 15:23:34,10.10.3.20,172.217.14.238,35270,139,TCP,DENY,0,RULE-99,,
2024-11-14 15:26:22,10.10.1.10,13.107.42.14,22242,25,TCP,ALLOW,329,RULE-01,203.0.113.2,
2024-11-14 15:29:16,10.10.1.12,52.84.17.200,22781,8443,TCP,ALLOW,1022,RULE-01,203.0.113.4,
2024-11-14 15:31:58,10.10.3.10,185.60.216.35,4705,587,TCP,ALLOW,3083,RULE-01,203.0.113.5,
2024-11-14 15:33:27,10.10.3.15,104.244.42.1,46284,443,TCP,ALLOW,2189,RULE-01,203.0.113.1,
2024-11-14 15:33:44,10.10.1.17,172.217.14.238,36782,25,TCP,ALLOW,1673,RULE-01,203.0.113.5,
2024-11-14 15:37:00,10.10.2.15,172.217.14.238,23068,587,TCP,ALLOW,4355,RULE-01,203.0.113.5,
2024-11-14 15:37:13,10.10.1.12,13.107.42.14,42847,8443,TCP,ALLOW,896,RULE-01,203.0.113.1,
2024-11-14 15:39:52,10.10.3.24,52.84.17.200,5477,443,TCP,ALLOW,2126,RULE-01,203.0.113.4,
2024-11-14 15:39:53,10.10.1.29,34.107.221.82,47478,53,UDP,ALLOW,894,RULE-01,203.0.113.3,
2024-11-14 15:41:07,10.10.2.11,172.217.14.238,27022,123,TCP,ALLOW,2873,RULE-01,203.0.113.1,
2024-11-14 15:41:44,10.10.1.14,34.107.221.82,31698,465,TCP,ALLOW,4534,RULE-01,203.0.113.3,
2024-11-14 15:42:47,10.10.2.19,93.184.216.34,35372,137,TCP,DENY,0,RULE-99,,
2024-11-14 15:43:42,10.10.3.16,172.217.14.238,19570,8443,TCP,ALLOW,1023,RULE-01,203.0.113.2,
2024-11-14 15:45:01,10.10.3.15,13.107.42.14,35794,465,TCP,ALLOW,2615,RULE-01,203.0.113.4,
2024-11-14 15:46:06,10.10.2.14,34.107.221.82,4455,993,TCP,ALLOW,2941,RULE-01,203.0.113.1,
2024-11-14 15:48:24,10.10.3.19,93.184.216.34,22267,80,TCP,ALLOW,4202,RULE-01,203.0.113.1,
2024-11-14 15:50:47,10.10.3.27,142.250.185.46,27506,137,TCP,DENY,0,RULE-99,,
2024-11-14 16:01:34,10.10.1.13,185.60.216.35,40537,465,TCP,ALLOW,523,RULE-01,203.0.113.1,
2024-11-14 16:01:35,10.10.1.27,34.107.221.82,43331,23,TCP,DENY,0,RULE-99,,
2024-11-14 16:04:17,10.10.3.16,13.107.42.14,65526,465,TCP,ALLOW,4389,RULE-01,203.0.113.1,
2024-11-14 16:04:42,10.10.1.10,172.217.14.238,49859,80,TCP,ALLOW,4269,RULE-01,203.0.113.3,
2024-11-14 16:07:18,10.10.2.25,172.217.14.238,19696,123,TCP,ALLOW,419,RULE-01,203.0.113.3,
2024-11-14 16:08:56,10.10.1.24,185.60.216.35,53786,137,TCP,DENY,0,RULE-99,,
2024-11-14 16:10:00,10.10.1.17,199.232.68.133,4630,123,TCP,ALLOW,2733,RULE-01,203.0.113.2,
2024-11-14 16:10:29,10.10.2.25,172.217.14.238,19549,137,TCP,DENY,0,RULE-99,,
2024-11-14 16:12:43,10.10.2.24,13.107.42.14,32755,587,TCP,ALLOW,1775,RULE-01,203.0.113.2,
2024-11-14 16:13:17,10.10.3.18,199.232.68.133,44814,123,TCP,ALLOW,3304,RULE-01,203.0.113.3,
2024-11-14 16:16:13,10.10.3.23,93.184.216.34,65501,587,TCP,ALLOW,4533,RULE-01,203.0.113.1,
2024-11-14 16:22:14,10.10.1.27,52.84.17.200,35986,587,TCP,ALLOW,965,RULE-01,203.0.113.5,
2024-11-14 16:24:14,10.10.3.18,199.232.68.133,1368,8080,TCP,ALLOW,849,RULE-01,203.0.113.1,
2024-11-14 16:24:18,10.10.1.13,185.60.216.35,28426,465,TCP,ALLOW,2233,RULE-01,203.0.113.2,
2024-11-14 16:24:36,10.10.3.12,34.107.221.82,38320,53,UDP,ALLOW,2665,RULE-01,203.0.113.4,
2024-11-14 16:24:54,10.10.3.11,151.101.1.140,27770,8080,TCP,ALLOW,2491,RULE-01,203.0.113.1,
2024-11-14 16:26:00,10.10.3.10,34.107.221.82,10148,53,UDP,ALLOW,1892,RULE-01,203.0.113.2,
2024-11-14 16:27:48,10.10.1.12,172.217.14.238,17131,123,TCP,ALLOW,2617,RULE-01,203.0.113.4,
2024-11-14 16:29:40,10.10.2.19,13.107.42.14,42818,80,TCP,ALLOW,4158,RULE-01,203.0.113.4,
2024-11-14 16:35:51,10.10.2.12,93.184.216.34,50141,465,TCP,ALLOW,1466,RULE-01,203.0.113.2,
2024-11-14 16:38:10,10.10.1.24,34.107.221.82,41235,8443,TCP,ALLOW,4760,RULE-01,203.0.113.1,
2024-11-14 16:40:20,10.10.1.28,172.217.14.238,16921,587,TCP,ALLOW,4000,RULE-01,203.0.113.3,
2024-11-14 16:45:24,10.10.2.13,185.60.216.35,33516,25,TCP,ALLOW,1801,RULE-01,203.0.113.4,
2024-11-14 16:45:31,10.10.2.17,151.101.1.140,40359,587,TCP,ALLOW,4134,RULE-01,203.0.113.2,
2024-11-14 16:46:27,10.10.3.17,151.101.1.140,14853,25,TCP,ALLOW,2367,RULE-01,203.0.113.1,
2024-11-14 16:47:30,10.10.2.25,172.217.14.238,45506,53,UDP,ALLOW,3699,RULE-01,203.0.113.5,
2024-11-14 16:50:03,10.10.2.29,142.250.185.46,36778,8080,TCP,ALLOW,2572,RULE-01,203.0.113.3,
2024-11-14 16:50:40,10.10.3.25,151.101.1.140,11508,53,UDP,ALLOW,3658,RULE-01,203.0.113.5,
2024-11-14 16:50:42,10.10.1.26,52.84.17.200,43382,443,TCP,ALLOW,522,RULE-01,203.0.113.3,
2024-11-14 16:54:07,10.10.2.20,52.84.17.200,48287,8443,TCP,ALLOW,3314,RULE-01,203.0.113.2,
2024-11-14 16:58:30,10.10.2.21,13.107.42.14,12612,137,TCP,DENY,0,RULE-99,,
2024-11-14 17:04:10,10.10.2.14,199.232.68.133,53098,443,TCP,ALLOW,962,RULE-01,203.0.113.4,
2024-11-14 17:04:46,10.10.1.27,52.84.17.200,11134,465,TCP,ALLOW,3391,RULE-01,203.0.113.3,
2024-11-14 17:05:30,10.10.1.23,13.107.42.14,56920,25,TCP,ALLOW,2362,RULE-01,203.0.113.5,
2024-11-14 17:06:42,10.10.1.21,172.217.14.238,54386,465,TCP,ALLOW,4228,RULE-01,203.0.113.1,
2024-11-14 17:08:40,10.10.2.14,185.60.216.35,55688,8080,TCP,ALLOW,3188,RULE-01,203.0.113.2,
2024-11-14 17:12:59,10.10.2.18,185.60.216.35,19197,25,TCP,ALLOW,4470,RULE-01,203.0.113.4,
2024-11-14 17:13:04,10.10.3.27,185.60.216.35,12433,53,UDP,ALLOW,3161,RULE-01,203.0.113.5,
2024-11-14 17:13:36,10.10.3.12,93.184.216.34,16283,25,TCP,ALLOW,630,RULE-01,203.0.113.1,
2024-11-14 17:15:17,10.10.3.29,185.60.216.35,61063,443,TCP,ALLOW,2616,RULE-01,203.0.113.3,
2024-11-14 17:16:29,10.10.1.18,52.84.17.200,63981,465,TCP,ALLOW,4191,RULE-01,203.0.113.3,
2024-11-14 17:19:16,10.10.2.17,34.107.221.82,36188,443,TCP,ALLOW,4604,RULE-01,203.0.113.5,
2024-11-14 17:20:40,10.10.1.18,185.60.216.35,32519,80,TCP,ALLOW,3240,RULE-01,203.0.113.5,
2024-11-14 17:23:53,10.10.1.18,34.107.221.82,59000,25,TCP,ALLOW,4507,RULE-01,203.0.113.2,
2024-11-14 17:24:06,10.10.2.26,142.250.185.46,29113,443,TCP,ALLOW,1311,RULE-01,203.0.113.4,
2024-11-14 17:25:20,10.10.2.21,142.250.185.46,45021,993,TCP,ALLOW,3322,RULE-01,203.0.113.5,
2024-11-14 17:28:17,10.10.3.23,185.60.216.35,57663,443,TCP,ALLOW,939,RULE-01,203.0.113.5,
2024-11-14 17:28:38,10.10.1.16,13.107.42.14,24530,8443,TCP,ALLOW,696,RULE-01,203.0.113.4,
2024-11-14 17:30:59,10.10.2.25,104.244.42.1,47675,8080,TCP,ALLOW,4220,RULE-01,203.0.113.4,
2024-11-14 17:33:10,10.10.2.20,185.60.216.35,13548,80,TCP,ALLOW,2543,RULE-01,203.0.113.3,
2024-11-14 17:34:12,10.10.2.20,52.84.17.200,12374,23,TCP,DENY,0,RULE-99,,
2024-11-14 17:34:13,10.10.3.24,104.244.42.1,15776,21,TCP,DENY,0,RULE-99,,
2024-11-14 17:34:49,10.10.3.28,172.217.14.238,5166,25,TCP,ALLOW,4003,RULE-01,203.0.113.3,
2024-11-14 17:36:12,10.10.2.11,52.84.17.200,17884,8080,TCP,ALLOW,1725,RULE-01,203.0.113.1,
2024-11-14 17:42:03,10.10.1.16,199.232.68.133,50716,123,TCP,ALLOW,2047,RULE-01,203.0.113.2,
2024-11-14 17:42:24,10.10.1.12,172.217.14.238,14839,587,TCP,ALLOW,4886,RULE-01,203.0.113.4,
2024-11-14 17:43:46,10.10.2.12,104.244.42.1,3662,443,TCP,ALLOW,454,RULE-01,203.0.113.2,
2024-11-14 17:46:15,10.10.2.25,52.84.17.200,62302,465,TCP,ALLOW,4096,RULE-01,203.0.113.4,
2024-11-14 17:49:38,10.10.3.13,13.107.42.14,6876,21,TCP,DENY,0,RULE-99,,
2024-11-14 17:49:58,10.10.1.20,185.60.216.35,24645,443,TCP,ALLOW,2251,RULE-01,203.0.113.1,
2024-11-14 17:51:58,10.10.1.21,172.217.14.238,5962,53,UDP,ALLOW,1651,RULE-01,203.0.113.4,
2024-11-14 17:52:24,10.10.3.29,142.250.185.46,28507,8443,TCP,ALLOW,2039,RULE-01,203.0.113.3,
